country,noc_code,team_name,year,n_athletes,host_flag,gold,silver,bronze,total_medals,snowfall_total,snowfall_mean_gridcell,gdp,gdp_per_capita,population,won_any_medal,log_total_medals,log_gdp,log_population,medals_per_million
AHO,AHO,Netherlands Antilles,1992,2,0,0,0,0,0,,,,,,0,0.0,,,
AND,AND,Andorra,1992,5,0,0,0,0,0,,,1209992020.29543,20099.5352208543,60200,0,0.0,9.082782506222987,4.779596491257824,0.0
ARG,ARG,Argentina,1992,20,0,0,0,0,0,5.570297546040895,2.144352300092578,228778917308.17,6789.99611136495,33693527,0,0.0,11.359416000371887,7.527546474812038,0.0
AUS,AUS,Australia,1992,22,0,0,0,0,0,0.181064433175711,0.026783452995005,325982966981.415,18650.3675476612,17478635,0,0.0,11.513194908229783,7.242507513246031,0.0
AUT,AUT,Austria,1992,58,0,9,10,10,29,0.9372402149531892,11.036019772291183,194314032056.098,24782.7118767063,7840709,1,3.4011973816621555,11.288504163566804,6.894355335754027,3.6986451097725985
BEL,BEL,Belgium,1992,5,0,0,0,0,0,0.0121796973321662,0.4028368275612592,234781652446.675,23372.619171015,10045158,0,0.0,11.370664154958432,7.001956772143351,0.0
BER,BER,Bermuda,1992,1,0,0,0,0,0,,,,,,0,0.0,,,
BGR,BUL,Bulgaria,1992,30,0,0,0,0,0,0.3185613394937654,2.900665160268545,8602887622.63828,1007.34454544881,8540164,0,0.0,9.934644249857953,6.931466210690311,0.0
BOL,BOL,Bolivia,1992,5,0,0,0,0,0,0.3558778810015219,0.3302352852188051,5643868748.68126,759.57113496365,7430336,0,0.0,9.751576905439101,6.871008453013139,0.0
BRA,BRA,Brazil,1992,7,0,0,0,0,0,0.0001358585226794,1.7810270591667177e-05,328187960871.951,2127.29083011489,154275079,0,0.0,11.516122645508123,8.18829577747667,0.0
CAN,CAN,Canada,1992,108,0,5,28,3,36,88.72074402123408,8.393979631364346,594387358318.855,20950.3305287651,28371264,1,3.6109179126442243,11.774069564092446,7.4528786849673905,1.2688895355525929
CHE,SUI,Switzerland,1992,74,0,2,0,5,7,0.7582536697370483,16.284681856632233,279921425828.474,40713.6881521435,6875364,1,2.0794415416798357,11.447036141634971,6.837295695812361,1.0181279129366823
CHL,CHI,Chile,1992,5,0,0,0,0,0,9.91964355157766,13.257835991680622,46538895685.8088,3351.84108855522,13884577,0,0.0,10.667816073767007,7.1425326533074385,0.0
CHN,CHN,China,1992,32,0,0,3,0,3,31.3725364719935,3.301863092929125,428502354788.069,367.822651903542,1164970000,1,1.3862943611198906,11.631953212883849,9.066314741669151,0.0025751736096208486
CRI,CRC,Costa Rica,1992,4,0,0,0,0,0,0.0,0.0,8579754757.93237,2612.38756453737,3284258,0,0.0,9.933474874235783,6.516437266466637,0.0
CYP,CYP,Cyprus,1992,4,0,0,0,0,0,0.0028060928820159,0.4326329508330673,6912150456.32334,11310.072265625,810341,0,0.0,9.839613182833082,5.908667813019532,0.0
CZE,TCH,Czechoslovakia,1992,74,0,0,0,27,27,0.2840634787818428,3.50502016954124,35051065440.3962,3396.70972430469,10319123,1,3.332204510175204,10.544701223667936,7.013642789108528,2.616501421680893
DEU,GER,Germany,1992,111,0,14,17,7,38,0.608877057852838,1.6668903408572078,2141377582968.07,26559.8543879632,80624598,1,3.6635616461296463,12.33069325194712,7.90646756222544,0.4713201794817011
DNK,DEN,Denmark,1992,6,0,0,0,0,0,0.0221314936119027,0.5265699583105743,152966494259.538,29579.4913648682,5171370,0,0.0,11.184596313485956,6.713605611686148,0.0
DZA,ALG,Algeria,1992,4,0,0,0,0,0,0.0840183694819071,0.0390707136830315,48003133346.9957,1802.69300801289,26628568,0,0.0,10.681269586352608,7.425347812085958,0.0
ESP,ESP,Spain,1992,17,0,0,0,1,1,0.4900305247142231,0.9917828720062972,630465353486.104,16100.6799428032,39157685,1,0.6931471805599453,11.799661225400403,7.592817008426188,0.02553777119357286
EST,EST,Estonia,1992,19,0,0,0,0,0,0.2796340832189987,6.29648007452488,,,1533091,0,0.0,,6.185567934126983,0.0
FIN,FIN,Finland,1992,62,0,6,1,6,13,3.204243062586067,9.471001103520392,112537828510.751,22320.1124695857,5041992,1,2.6390573296152584,11.051298530909525,6.702602152257006,2.5783460187957457
FRA,FRA,France,1992,109,1,5,6,1,12,0.7491504394866113,1.1769101256504657,1389663073110.28,23615.0168565483,58846584,1,2.5649493574615367,12.142909517357658,7.769721257442685,0.20392007801166506
GBR,GBR,Great Britain,1992,49,0,0,0,0,0,0.2876280672342582,1.227617496624589,1179659529659.53,20487.1707852878,57580402,0,0.0,12.071756680419526,7.760274692597851,0.0
GRC,GRE,Greece,1992,8,0,0,0,0,0,0.1502339205718381,1.1466259602457285,114608178405.434,11021.012224607,10399061,0,0.0,11.059215609861901,7.016994125747862,0.0
HND,HON,Honduras,1992,1,0,0,0,0,0,0.0,0.0,4122846905.18198,782.111518709432,5271431,0,0.0,9.615197208323279,6.721928526226226,0.0
HRV,CRO,Croatia,1992,4,0,0,0,0,0,0.0988761385686905,1.7336166929453611,10621169290.9986,2321.15204123035,4575818,0,0.0,10.026172331121579,6.660468742365476,0.0
HUN,HUN,Hungary,1992,24,0,0,0,0,0,0.0635478220977644,0.6899117724969983,38857339124.9084,3747.32966394956,10369341,0,0.0,10.589473057639596,7.015751156663122,0.0
IND,IND,India,1992,2,0,0,0,0,0,4.168508735545022,1.4282058691605926,288208070278.013,319.182472626315,902957070,0,0.0,11.459706137574907,8.95566710279932,0.0
IRL,IRL,Ireland-2,1992,4,0,0,0,0,0,0.0042895750499077,0.0751039988244883,55918538121.3989,15714.3847487231,3558430,0,0.0,10.747555809123382,6.551258426981057,0.0
ISL,ISL,Iceland,1992,5,0,0,0,0,0,2.933398924780835,27.255943045020103,7328497599.30768,28072.4041083276,261057,0,0.0,9.865014949919713,5.416735342904385,0.0
ITA,ITA,Italy,1992,107,0,4,9,8,21,0.7707053751874933,2.5638428051024675,1323204350353.5,23297.0460325456,56797087,1,3.091042453358316,12.121626920058693,7.754326062255608,0.3697372719132585
JAM,JAM,Jamaica,1992,5,0,0,0,0,0,,,3535460089.80719,1458.10146892635,2424701,0,0.0,9.548445939055796,6.384658191574908,0.0
JPN,JPN,Japan,1992,60,0,3,2,7,12,1.9892796437237952,5.050187930464745,3980702922117.66,31992.7902119161,124425000,1,2.5649493574615367,12.59995976761193,8.094907649416061,0.09644364074743822
KOR,KOR,South Korea,1992,23,0,5,1,1,7,0.1597353306684186,1.6275529051199555,366921291824.719,8387.16308258471,43747962,1,2.0794415416798357,11.564572913864664,7.640957826209307,0.16000745360435303
LIB,LIB,Lebanon,1992,4,0,0,0,0,0,,,,,,0,0.0,,,
LIE,LIE,Liechtenstein,1992,7,0,0,0,0,0,,,1631177029.45063,55057.1110625654,29627,0,0.0,9.212501096994533,4.471687677487212,0.0
LTU,LTU,Lithuania,1992,6,0,0,0,0,0,0.2658353812359405,4.19038999825716,,,3700114,0,0.0,,6.5682151048259785,0.0
LUX,LUX,Luxembourg,1992,1,0,0,2,0,2,0.0022069047484423,0.8930169278755784,15518702634.8808,39570.8615665986,392175,1,1.0986122886681098,10.190855411376848,5.593479905221356,5.099764135908715
LVA,LAT,Latvia,1992,23,0,0,0,0,0,0.3542811831192622,5.561868660151959,,,2614338,0,0.0,,6.417361735518953,0.0
MAR,MAR,Morocco,1992,12,0,0,0,0,0,0.1559190150924475,0.2682612393982708,33711069430.78,1327.02954101563,25212468,0,0.0,10.527772530050473,7.401615360008834,0.0
MEX,MEX,Mexico,1992,20,0,0,0,0,0,0.1998937257202368,0.1037942856783047,363157832923.734,4220.56643677057,86044809,0,0.0,11.560095415863152,7.934724674888358,0.0
MNG,MGL,Mongolia,1992,4,0,0,0,0,0,3.5439108625702223,2.3465915583074093,1317611863.84977,607.813424662797,2167790,0,0.0,9.11978749659073,6.336017208558901,0.0
MON,MON,Monaco,1992,5,0,0,0,0,0,,,,,,0,0.0,,,
NLD,NED,Netherlands,1992,19,0,1,1,2,4,0.0034773756468269,0.0875414843903854,363497050125.313,23939.2173482108,15184166,1,1.6094379124341003,11.56050089079479,7.181390943008001,0.2634323149522997
NOR,NOR,Norway,1992,79,0,9,10,5,24,7.115421373495822,16.768893226981163,130838040067.584,30523.9850558974,4286401,1,3.2188758248682006,11.116734029841446,6.63209279758329,5.599102837088737
NZL,NZL,New Zealand,1992,6,0,0,1,0,1,1.262389148811771,4.701821599155664,41649829859.6342,11793.1392416214,3531700,1,0.6931471805599453,10.619613231645017,6.547983805359076,0.283149757906957
PHL,PHI,Philippines,1992,1,0,0,0,0,0,0.0,0.0,60422328242.1803,916.515694532029,65926125,0,0.0,10.781197455847062,7.8190575495708705,0.0
POL,POL,Poland,1992,53,0,0,0,0,0,0.7677509593392662,2.4579819291830063,94337050693.2727,2459.02068468253,38363667,0,0.0,10.974682294554807,7.583920112621415,0.0
PRI,PUR,Puerto Rico-2,1992,6,0,0,0,0,0,0.0,0.0,34630430000.0,9659.33889995916,3585176,0,0.0,10.539457884141658,6.554510480492697,0.0
PRK,PRK,North Korea,1992,20,0,0,0,1,1,0.6808557886801186,5.447205621749163,,,21750911,1,0.6931471805599453,,7.337477451359047,0.04597508582514084
ROU,ROU,Romania,1992,23,0,0,0,0,0,0.6745311142082117,2.853523474186659,25121666666.6667,1102.10378473246,22794284,0,0.0,10.400048448764418,7.357825954961638,0.0
RUS,EUN,Unified Team,1992,129,0,35,10,14,59,132.57422481851967,7.930033840239048,460290556900.726,3098.802734375,148538197,1,4.0943445622221,11.663032065209041,8.171838148018361,0.3972042288893543
SEN,SEN,Senegal,1992,2,0,0,0,0,0,0.0,0.0,7769817839.95644,951.204960087807,8168395,0,0.0,9.890410837072588,6.912136730813984,0.0
SMR,SMR,San Marino,1992,3,0,0,0,0,0,,,,,24125,0,0.0,,4.38246732201583,0.0
SRB,YUG,Yugoslavia,1992,25,0,0,0,0,0,0.2026886114936982,2.630994189530611,,,7604063,0,0.0,,6.8810457063574,0.0
SVN,SLO,Slovenia,1992,27,0,0,0,0,0,0.0632813916647789,3.30932205542922,14277261540.7456,7151.15243829224,1996498,0,0.0,10.154644915297801,6.3002688794743085,0.0
SWE,SWE,Sweden,1992,73,0,1,0,6,7,4.3398588930749415,10.260126553475857,283908914454.48,32753.4287003642,8668067,1,2.0794415416798357,11.453179029150052,6.937922259548776,0.8075618243375369
SWZ,SWZ,Swaziland,1992,1,0,0,0,0,0,5.7271778554131535e-08,3.100690815216467e-06,1284759927.54594,1361.8169795148,943416,0,0.0,9.108821982233266,5.974703237452174,0.0
TUR,TUR,Turkey,1992,8,0,0,0,0,0,5.940705584837476,7.467210758477449,159104772991.851,2743.65320297936,57990118,0,0.0,11.201683208263367,7.763353992464317,0.0
TWN,TPE,Chinese Taipei,1992,8,0,0,0,0,0,0.0024322072131421,0.0704402846167795,,,,0,0.0,,,
USA,USA,United States,1992,148,0,5,7,2,14,47.02431014322482,5.883225239813328,6520327000000.0,25418.9907763319,256514000,1,2.70805020110221,12.814269376519412,8.409111072983208,0.05457791777446845
VIR,ISV,United States Virgin Islands,1992,12,0,0,0,0,0,,,,,105712,0,0.0,,5.024124289464242,0.0
AND,AND,Andorra,1994,6,0,0,0,0,0,,,1017544068.8408,15748.5307503373,64612,0,0.0,9.007553227174835,4.8103131844006475,0.0
ARG,ARG,Argentina,1994,10,0,0,0,0,0,4.476522012008381,1.7627906054258349,257440000000.0,7437.56242327594,34613491,0,0.0,11.410676026754954,7.5392454029802956,0.0
ARM,ARM,Armenia,1994,2,0,0,0,0,0,0.2885343037848882,10.187054052948952,1315158636.67553,390.879964297655,3364610,0,0.0,9.118978141325796,6.52693473136419,0.0
ASM,ASA,American Samoa,1994,2,0,0,0,0,0,,,,,51251,0,0.0,,4.709702343683791,0.0
AUS,AUS,Australia,1994,25,0,0,0,4,4,0.207435264743769,0.031395953556057,323269456935.317,18155.6282000179,17805468,1,1.6094379124341003,11.509564673646299,7.250553393182774,0.22465009063507907
AUT,AUT,Austria,1994,80,0,2,3,7,12,0.762777431809576,8.984750136733055,202738023129.743,25546.2460525087,7936118,1,2.5649493574615367,11.306935207434115,6.899608116601752,1.5120742912340768
BEL,BEL,Belgium,1994,5,0,0,0,0,0,0.0187235280367236,0.6208830745890737,244884129491.198,24208.5547931447,10115603,0,0.0,11.388960640176828,7.004991776554871,0.0
BER,BER,Bermuda,1994,1,0,0,0,0,0,,,,,,0,0.0,,,
BGR,BUL,Bulgaria,1994,17,0,0,0,0,0,0.2385805039611758,2.166814636439085,9709240033.98973,1149.89464008734,8443591,0,0.0,9.987185237944953,6.926527188308634,0.0
BIH,BIH,Bosnia and Herzegovina,1994,10,0,0,0,0,0,0.2926896351311007,5.827705841511488,1255802469.1358,337.090896023259,3725412,0,0.0,9.09892133262502,6.571174309146627,0.0
BLR,BLR,Belarus,1994,33,0,0,2,0,2,0.9992411851460696,4.817010369151831,14931435232.078,1460.00791360458,10226955,1,1.0986122886681098,10.17410155477217,7.00974634499767,0.19556163100355872
BRA,BRA,Brazil,1994,1,0,0,0,0,0,0.0034902025544353,0.0004529623538473,525369851353.742,3298.71491891786,159265006,0,0.0,11.720465146930476,8.20212036230075,0.0
CAN,CAN,Canada,1994,95,0,3,29,5,37,83.3965025589921,7.876778021454811,579944346807.264,19997.6237373354,29000663,1,3.6375861597263857,11.763386319366084,7.462407926655858,1.275832900785751
CHE,SUI,Switzerland,1994,59,0,4,8,4,16,0.6842760458462311,14.69003688544035,301375055202.164,43091.7770970073,6993795,1,2.833213344056216,11.479107302934223,6.844712898251522,2.287742205769543
CHL,CHI,Chile,1994,3,0,0,0,0,0,8.625081500687807,11.739193461835384,57438273591.0521,4012.10159912285,14316256,0,0.0,10.75920137794129,7.155829455741529,0.0
CHN,CHN,China,1994,24,0,0,1,2,3,28.892247875818697,3.0559736769646406,566929539493.172,475.677874448369,1191835000,1,1.3862943611198906,11.753529086210687,9.07621613497673,0.0025171269512977885
CYP,CYP,Cyprus,1994,1,0,0,0,0,0,1.4493411084099764e-05,0.0022348831407725,7425703928.57143,11617.6923828125,844667,0,0.0,9.870737629410609,5.926685527214657,0.0
CZE,CZE,Czech Republic,1994,63,0,0,0,0,0,0.1775019028759154,2.190267900004983,48188478339.4129,4663.28665345469,10333587,0,0.0,10.68294321268365,7.01425110021281,0.0
DEU,GER,Germany,1994,112,0,18,10,12,40,0.6261081274611717,1.7333774594590068,2215282632276.73,27201.9593555204,81438348,1,3.713572066704308,12.345429142661903,7.9108289552952265,0.49116909886236887
DNK,DEN,Denmark,1994,4,0,0,0,0,0,0.1074647688803995,2.546178176999092,156017919221.457,29967.8303903163,5206180,0,0.0,11.19317448150878,6.716519179458069,0.0
ESP,ESP,Spain,1994,13,0,0,0,0,0,0.355362464135568,0.7221787818707526,530183651720.283,13405.704414883,39549108,0,0.0,11.724426332078453,7.597136692762988,0.0
EST,EST,Estonia,1994,26,0,0,0,0,0,0.22499422548883,5.0644585862755775,4123011419.74174,2819.12612100926,1462514,0,0.0,9.615214537693417,6.165100032083206,0.0
FIJ,FIJ,Fiji,1994,1,0,0,0,0,0,,,,,,0,0.0,,,
FIN,FIN,Finland,1994,61,0,0,1,29,30,2.561884105806359,7.630841806530952,103182697780.307,20278.29109854,5088333,1,3.4339872044851463,11.013606878604008,6.706575525464674,5.895840543454998
FRA,FRA,France,1994,98,0,0,1,10,11,1.0040629662207452,1.5868449117988348,1385822778827.98,23359.8985104774,59324863,1,2.4849066497880004,12.141707695572936,7.7732367439662795,0.1854197286557577
GBR,GBR,Great Britain,1994,32,0,0,0,3,3,0.5882265343165218,2.48456047847867,1140489745944.29,19709.2380983653,57865745,1,1.3862943611198906,12.05709138492189,7.762421548875387,0.05184414371576829
GEO,GEO,Georgia,1994,5,0,0,0,0,0,0.8029406665478129,11.669802479445934,2513867645.13316,519.815578814965,4836076,0,0.0,9.400342408393106,6.684493117275846,0.0
GRC,GRE,Greece,1994,9,0,0,0,0,0,0.2205113816038858,1.6889134421944618,114980063202.247,10937.0223808611,10512922,0,0.0,11.060622543033034,7.0217234422036325,0.0
HRV,CRO,Croatia,1994,3,0,0,0,0,0,0.1523771390320203,2.675733296200633,15062911616.8222,3237.92646315285,4652024,0,0.0,10.1779089278341,6.6676419466068575,0.0
HUN,HUN,Hungary,1994,16,0,0,0,0,0,0.0994435222211102,1.0744143510237336,43307949890.4603,4187.0311799663,10343355,0,0.0,10.636567625606228,7.014661430600622,0.0
ISL,ISL,Iceland,1994,5,0,0,0,0,0,2.617294216421428,24.32536520063877,6612804055.79289,24858.2031335605,266021,0,0.0,9.820385654301038,5.424915921684193,0.0
ISR,ISR,Israel,1994,1,0,0,0,0,0,,,90740103828.6058,16806.8353081322,5399000,0,0.0,10.957799271868115,6.732313327471243,0.0
ITA,ITA,Italy,1994,104,0,14,6,12,32,0.7112190609077633,2.3510411847382784,1101750159702.21,19382.2002150155,56843400,1,3.4965075614664802,12.042083122134336,7.754680046684659,0.5629501402097693
JAM,JAM,Jamaica,1994,4,0,0,0,0,0,,,5452558947.03045,2202.85831038471,2475220,0,0.0,9.73660036938722,6.393613805507905,0.0
JPN,JPN,Japan,1994,59,0,3,5,2,10,2.3339394446260107,5.932705942541361,4998797547740.97,39933.5150564874,125178000,1,2.3978952727983707,12.698865548098981,8.097528008441893,0.07988624199140423
KAZ,KAZ,Kazakhstan,1994,29,0,1,2,0,3,11.203101962626368,4.158424213528633,21250792886.1054,1246.83633018218,17043771,1,1.3862943611198906,10.327375138604511,7.231565690389687,0.17601738488507032
KGZ,KGZ,Kyrgyzstan,1994,1,0,0,0,0,0,2.537239796860046,12.991675175726414,1681780847.41091,372.481759948941,4515069,0,0.0,9.225769402305472,6.654664391657337,0.0
KOR,KOR,South Korea,1994,21,0,7,1,1,9,0.1374605319928336,1.3926440151408317,479181794216.859,10733.9888860657,44641540,1,2.302585092994046,11.68050030933669,7.649739168052416,0.20160594818189514
LIE,LIE,Liechtenstein,1994,10,0,0,0,0,0,,,1948129622.75132,63935.9902445462,30470,0,0.0,9.289617850167213,4.4838724542226736,0.0
LTU,LTU,Lithuania,1994,6,0,0,0,0,0,0.3145830380430996,4.9623288214206696,,,3657144,0,0.0,,6.563142061014597,0.0
LUX,LUX,Luxembourg,1994,1,0,0,0,0,0,0.00365889473727,1.4791404828429222,17701798890.7644,43933.235442736,402925,0,0.0,10.248017402442892,5.6052242145842355,0.0
LVA,LAT,Latvia,1994,27,0,0,0,0,0,0.3072778152387373,4.820795264095068,,,2520742,0,0.0,,6.401528397556558,0.0
MDA,MDA,Moldova,1994,2,0,0,0,0,0,0.0255645916682168,0.7948214770294726,1702314267.59123,573.798647201304,2966745,0,0.0,9.231039739110251,6.472280219100066,0.0
MEX,MEX,Mexico,1994,1,0,0,0,0,0,0.0340554654981396,0.017866121197585,553618247900.74,6202.36588372862,89259205,0,0.0,11.743210396535385,7.950653014415213,0.0
MNG,MGL,Mongolia,1994,1,0,0,0,0,0,3.1987190497669817,2.128258114680648,925817092.217484,422.864349383041,2189395,0,0.0,8.96652519436342,6.3403241219355175,0.0
MON,MON,Monaco,1994,5,0,0,0,0,0,,,,,,0,0.0,,,
NLD,NED,Netherlands,1994,21,0,0,1,3,4,0.0131796374784304,0.3310568281449377,379688232231.505,24682.5866742863,15382838,1,1.6094379124341003,11.579427137155285,7.187036466417124,0.26003004127066803
NOR,NOR,Norway,1994,87,1,8,17,5,30,6.579631829351889,15.574932098388672,127131319428.701,29315.8092337732,4336613,1,3.4339872044851463,11.104252554326482,6.637150667372729,6.917841181585721
NZL,NZL,New Zealand,1994,7,0,0,0,0,0,1.1374580590111416,4.249353427439928,55314732279.1379,15280.3127842922,3620000,0,0.0,10.742840814766412,6.558708570533166,0.0
POL,POL,Poland,1994,28,0,0,0,0,0,0.7801920374781,2.524827839806676,110803635287.621,2874.83163555069,38542652,0,0.0,11.044554009123955,7.5859415937999986,0.0
PRI,PUR,Puerto Rico,1994,5,0,0,0,0,0,0.0,0.0,39690630000.0,10876.4188239898,3649237,0,0.0,10.598687992415657,6.562202069571777,0.0
PRT,POR,Portugal,1994,1,0,0,0,0,0,0.0065318500710647,0.071838941948954,99688641304.3478,9977.31990905771,9991525,0,0.0,10.998645676868616,6.999631779371047,0.0
ROU,ROU,Romania,1994,23,0,0,0,0,0,0.5518862393863515,2.333622425794601,30072805104.2542,1323.03237766927,22730211,0,0.0,10.478173939722732,7.356603467212448,0.0
RUS,RUS,Russia,1994,113,0,19,13,4,36,122.24792678600836,7.250212598592043,395077301248.464,2662.10400390625,148407912,1,3.6109179126442243,11.596682078464738,8.171457054894118,0.24257466812146783
SEN,SEN,Senegal,1994,1,0,0,0,0,0,0.0,0.0,5034588195.55806,583.782776032181,8624078,0,0.0,9.701963953199298,6.935712675813025,0.0
SMR,SMR,San Marino,1994,3,0,0,0,0,0,,,,,24823,0,0.0,,4.39485426728004,0.0
SVK,SVK,Slovakia,1994,42,0,0,0,0,0,0.1408603307296022,3.0085965991020203,20428139755.6056,3820.96427542658,5346331,0,0.0,10.310228820344689,6.728055843126743,0.0
SVN,SLO,Slovenia,1994,22,0,0,0,3,3,0.0845778195390302,4.423235543072224,16400767069.6294,8243.89895545106,1989443,1,1.3862943611198906,10.214864160627988,6.298731500587161,1.50795976562284
SWE,SWE,Sweden,1994,84,0,23,1,0,24,3.60195667742303,8.340014144778252,228699066874.028,26045.5196995275,8780745,1,3.2188758248682006,11.359264392624732,6.9435313650704416,2.7332532717895806
TTO,TTO,Trinidad and Tobago,1994,2,0,0,0,0,0,0.0,0.0,,,,0,0.0,,,
TUR,TUR,Turkey,1994,1,0,0,0,0,0,4.707212849350054,5.920394789427519,130650447499.071,2176.2801813809,60033836,0,0.0,11.116110901595256,7.778396094487083,0.0
TWN,TPE,Chinese Taipei,1994,2,0,0,0,0,0,0.0010062543767429,0.0291813303192611,,,,0,0.0,,,
UKR,UKR,Ukraine,1994,37,0,1,0,1,2,1.7803954873190362,3.1460199970752,52549580264.8064,1009.09405517578,52075998,1,1.0986122886681098,10.720569251488781,7.716637601648872,0.03840540895634876
USA,USA,United States,1994,148,0,6,8,5,19,50.2525091464292,6.113187875598669,7287236000000.0,27694.853416234,263126000,1,2.995732273553991,12.862562834549916,8.420163763701954,0.07220875170070613
UZB,UZB,Uzbekistan,1994,7,0,1,0,0,1,1.122151673301678,2.420517848804593,12899074922.38,574.229079896619,22463291,1,0.6931471805599453,10.110558565298346,7.351473383200472,0.04451707454620073
VIR,ISV,United States Virgin Islands,1994,8,0,0,0,0,0,,,,,107318,0,0.0,,5.030672570475327,0.0
ZAF,RSA,South Africa,1994,2,0,0,0,0,0,0.0987681688159528,0.0819470878923311,153512712381.836,3488.59711541763,44004139,0,0.0,11.186144345211794,7.643493527857097,0.0
AND,AND,Andorra,1998,3,0,0,0,0,0,,,1211953994.05714,18536.5084282698,65382,0,0.0,9.083486134263982,4.815458201280735,0.0
ARG,ARG,Argentina,1998,2,0,0,0,0,0,3.1591145208221443,1.2462250888347626,298948250000.0,8218.99212764682,36372860,0,0.0,11.47559601546626,7.560777450996545,0.0
ARM,ARM,Armenia,1998,7,0,0,0,0,0,0.1760958193047235,6.215628236532211,1893726437.26462,590.239947333459,3208401,0,0.0,9.277317242160773,6.506288643029721,0.0
AUS,AUS,Australia,1998,23,0,0,0,1,1,0.1696118571924599,0.024896471586544,400361527504.578,21516.0403147759,18607584,1,0.6931471805599453,11.602452337550456,7.269689988198862,0.053741528185496844
AUT,AUT,Austria,1998,96,0,3,5,12,20,0.8163906183060838,9.615271352231504,217068085815.918,27212.4642905708,7976789,1,3.044522437723423,11.336595976504269,6.9018281043556495,2.5072745436791672
AZE,AZE,Azerbaijan,1998,4,0,0,0,0,0,0.2947919061008366,3.2477586064487696,4446368570.6901,561.906807871869,7913000,0,0.0,9.648005459618592,6.898341165727509,0.0
BEL,BEL,Belgium,1998,1,0,0,0,1,1,0.0256049063220322,0.8485137368552387,258528339631.029,25338.4432934904,10203008,1,0.6931471805599453,11.41250815698806,7.0087282271752205,0.09801031225301401
BER,BER,Bermuda,1998,1,0,0,0,0,0,,,,,,0,0.0,,,
BGR,BUL,Bulgaria,1998,19,0,1,0,0,1,0.6616277383370579,6.017339881509543,15031055046.7575,1820.44866449942,8256786,1,0.6931471805599453,10.176989465277776,6.91681102866476,0.1211125006752022
BIH,BIH,Bosnia and Herzegovina,1998,8,0,0,0,0,0,0.3334480333839017,6.641934625804424,4116774300.60671,1006.70479669823,4089356,0,0.0,9.614557057746097,6.611654919824477,0.0
BLR,BLR,Belarus,1998,59,0,0,0,2,2,1.1191610350447747,5.396525375545025,15222012660.4232,1511.32531567314,10071963,1,1.0986122886681098,10.1824720788161,7.003114121694192,0.1985710233447045
BRA,BRA,Brazil,1998,1,0,0,0,0,0,0.0,0.0,863711007325.493,5105.89246192003,169159655,0,0.0,11.936368454378641,8.228296790735037,0.0
CAN,CAN,Canada,1998,144,0,14,28,7,49,73.07483398465311,6.819970905780792,634000000000.0,21024.5850687045,30155173,1,3.912023005428146,11.802089257881732,7.479361824358285,1.6249284990008184
CHE,SUI,Switzerland,1998,69,0,6,5,3,14,0.7024316424122835,15.097834169864656,303459014346.806,42680.5867322391,7110001,1,2.70805020110221,11.4821000428742,6.851869661811968,1.9690573883182294
CHL,CHI,Chile,1998,3,0,0,0,0,0,7.259462347218965,10.090211406350136,81990010704.0602,5419.82417297191,15127799,0,0.0,10.913760943110871,7.179775745492537,0.0
CHN,CHN,China,1998,56,0,0,9,5,14,28.459236035868045,3.0053318478167057,1037134141760.35,835.095348597432,1241935000,1,2.70805020110221,12.01583493118046,9.094098866468553,0.011272731664700648
CYP,CYP,Cyprus,1998,1,0,0,0,0,0,5.085351975168737e-05,0.00784159055911,10248618778.2805,15092.828125,914548,0,0.0,10.010665338817036,5.961206504331919,0.0
CZE,CZE,Czech Republic,1998,61,0,21,1,1,23,0.1816347882678455,2.2438301239162683,67187217327.7326,6526.59635780951,10294373,1,3.1780538303479458,10.827286654421535,7.012599900159241,2.234230292607428
DEU,GER,Germany,1998,125,0,22,12,10,44,0.6961716865109959,1.9106953404843807,2247760364565.97,27395.9440608051,82047195,1,3.8066624897703196,12.351750008901433,7.9140637381393235,0.5362767124458063
DNK,DEN,Denmark,1998,12,0,0,5,0,5,0.0602428374786836,1.42795592546463,176877077513.133,33346.4884298957,5304219,1,1.791759469228055,11.247671553912555,6.724621446868824,0.9426458447511311
ESP,ESP,Spain,1998,12,0,0,0,0,0,0.4121655973946897,0.8375135948881507,618731484575.12,15382.3348573373,40223509,0,0.0,11.791502215954281,7.604479954695897,0.0
EST,EST,Estonia,1998,20,0,0,0,0,0,0.2148552927798796,4.843445494771004,5674080542.88575,4093.39247738765,1386156,0,0.0,9.753895496261134,6.141812109155078,0.0
FIN,FIN,Finland,1998,85,0,2,7,49,58,2.846343611603876,8.550827391445637,133990876724.522,25999.9861694953,5153498,1,4.07753744390572,11.127075228789552,6.712102111838482,11.254491609388419
FRA,FRA,France,1998,106,0,2,1,12,15,0.7628522053391058,1.208770088851452,1496906382032.47,24869.4030795939,60190684,1,2.772588722239781,12.175194639996983,7.779529278625301,0.24920800036098611
GBR,GBR,Great Britain,1998,34,0,0,0,4,4,0.3481652927740035,1.482846331782639,1660821464060.95,28396.3523548013,58487141,1,1.6094379124341003,12.220322948923057,7.767060392464866,0.06839110155854601
GEO,GEO,Georgia,1998,4,0,0,0,0,0,0.679880148147945,9.895848110318184,3613497316.55319,851.515542450841,4243607,0,0.0,9.557927736539407,6.62773515712507,0.0
GRC,GRE,Greece,1998,13,0,0,0,0,0,0.3536544908726505,2.7137005235999823,139612812175.718,13022.9648774809,10720509,0,0.0,11.14492527503423,7.030215405752594,0.0
HRV,CRO,Croatia,1998,6,0,0,0,0,0,0.1514598178195095,2.661872422322631,25890228429.7214,5712.58985659548,4532135,0,0.0,10.413135882235949,6.6563028378378375,0.0
HUN,HUN,Hungary,1998,17,0,0,0,0,0,0.119351298833329,1.292781438678503,48784412623.5939,4751.7732430202,10266570,0,0.0,10.688281080344364,7.011425372625175,0.0
IND,IND,India,1998,1,0,0,0,0,0,3.5590127294548366,1.2188063701614738,421351317224.941,413.630864056851,1018665080,0,0.0,11.624644355947135,9.008031418730017,0.0
IRL,IRL,Ireland,1998,6,0,0,0,0,0,0.0235110115920491,0.4064032982569188,90199410115.5097,24294.8547674007,3712696,0,0.0,10.955203697359938,6.569689390129053,0.0
IRN,IRI,Iran,1998,1,0,0,0,0,0,3.004614285154603,1.9109115237370131,110276913362.508,1709.19334096046,64519859,0,0.0,11.042484601753735,7.809693409622242,0.0
ISL,ISL,Iceland,1998,7,0,0,0,0,0,2.435092353724025,22.685520350933075,8637732541.50677,31519.1647473126,274047,0,0.0,9.936399752438263,5.437825052200677,0.0
ISR,ISR,Israel,1998,3,0,0,0,0,0,,,120547409278.703,20188.8141481667,5971000,0,0.0,11.08115788125803,6.77604707118178,0.0
ITA,ITA,Italy,1998,113,0,3,9,5,17,0.7262637994435972,2.3848481941968203,1272729786996.77,22365.1837644545,56906744,1,2.8903717578961645,12.104736208466813,7.75516373754496,0.2987343644190924
JAM,JAM,Jamaica,1998,6,0,0,0,0,0,,,8787195622.43502,3419.49352868739,2569736,0,0.0,9.943850294865856,6.409888508688315,0.0
JPN,JPN,Japan,1998,156,1,8,1,4,13,2.245378005396911,5.684840027242899,4098362709531.24,32423.7556133801,126400000,1,2.6390573296152584,12.61261039129731,8.101747073946367,0.10284810126582278
KAZ,KAZ,Kazakhstan,1998,60,0,0,0,2,2,11.120153931832071,4.116944503039122,22135245507.3656,1414.59289652597,15647785,1,1.0986122886681098,10.345084343206796,7.194452870294045,0.12781361707104233
KEN,KEN,Kenya,1998,1,0,0,0,0,0,0.0,0.0,14093998843.7334,487.883239905452,28888057,0,0.0,10.149034231531887,7.460718332340711,0.0
KGZ,KGZ,Kyrgyzstan,1998,1,0,0,0,0,0,2.658493544269646,13.613415881991386,1645963749.83146,345.137046084246,4769015,0,0.0,9.216420266221618,6.678428688424009,0.0
KOR,KOR,South Korea,1998,37,0,6,4,2,12,0.1771846897218774,1.8000337295234203,397297216492.19,8583.43557499234,46286503,1,2.5649493574615367,11.599115522351319,7.665454370560892,0.2592548415247529
LIE,LIE,Liechtenstein,1998,8,0,0,0,0,0,,,2479699106.02264,78302.9905905848,31668,0,0.0,9.394398985454432,4.500620636267675,0.0
LTU,LTU,Lithuania,1998,7,0,0,0,0,0,0.3240923085796562,5.110625177621841,11289161847.2162,3180.64498555255,3549331,0,0.0,10.052661699352669,6.550146502241474,0.0
LUX,LUX,Luxembourg,1998,1,0,0,0,0,0,0.004054194389821,1.6393752302974465,20150053345.1878,47445.3810812051,424700,0,0.0,10.304276200228495,5.62808226099068,0.0
LVA,LAT,Latvia,1998,29,0,0,0,0,0,0.3350292531937783,5.25617552921176,6974112951.26891,2893.79998716563,2410019,0,0.0,9.84348897683915,6.382020466459776,0.0
MDA,MDA,Moldova,1998,2,0,0,0,0,0,0.0817132815292273,2.538878470659256,1698717504.65549,578.734627562193,2935227,0,0.0,9.230121162053258,6.467641693670582,0.0
MKD,MKD,Macedonia,1998,3,0,0,0,0,0,0.1575117553021096,6.284092552959919,3765745023.2074,1875.81662735988,2007523,0,0.0,9.575850910804688,6.302660529649779,0.0
MNG,MGL,Mongolia,1998,3,0,0,0,0,0,2.9161277813936204,1.930872444063425,1124440204.84738,483.878066074871,2323809,0,0.0,9.050936365600647,6.3662004293745325,0.0
MON,MON,Monaco,1998,4,0,0,0,0,0,,,,,,0,0.0,,,
NLD,NED,Netherlands,1998,22,0,5,4,2,11,0.0091846458130036,0.2307861141161993,438612530548.767,27924.281808994,15707209,1,2.4849066497880004,11.64208103470687,7.196099022494938,0.7003153774804932
NOR,NOR,Norway,1998,75,0,13,15,12,40,6.125728511957649,14.245174825191498,154230295158.447,34803.4634058738,4431464,1,3.713572066704308,11.188169689719174,6.6465472255652305,9.02636239400794
NZL,NZL,New Zealand,1998,8,0,0,0,0,0,0.5554649438220151,2.075596246868372,56227169851.0448,14738.4455703918,3815000,0,0.0,10.7499462241993,6.5814945422908995,0.0
POL,POL,Poland,1998,39,0,0,0,0,0,0.7867942975805378,2.533497288823128,175282269666.801,4533.5356551781,38663481,0,0.0,11.243737988111445,7.5873009524094055,0.0
PRI,PUR,Puerto Rico,1998,6,0,0,0,0,0,0.0,0.0,54086400000.0,14304.4049868015,3781101,0,0.0,10.733088075689324,6.577618278303246,0.0
PRK,PRK,North Korea,1998,8,0,0,0,0,0,0.5034640062346365,4.027053248137236,,,23311564,0,0.0,,7.36757141182104,0.0
PRT,POR,Portugal,1998,2,0,0,0,0,0,0.0136611862540891,0.1503473031334579,123946327916.296,12199.206385024,10160196,0,0.0,11.093233664711642,7.006902085988984,0.0
ROU,ROU,Romania,1998,16,0,0,0,0,0,0.913886736685214,3.847844898700714,41696091973.7076,1852.5549693339,22507344,0,0.0,10.620095352005189,7.352324248701081,0.0
RUS,RUS,Russia,1998,122,0,14,32,6,52,133.78432763357335,7.889187894761562,270955486862.442,1834.86181640625,147670784,1,3.970291913552122,11.432897949922886,8.169294580601951,0.35213465108981884
SRB,SCG,Serbia and Montenegro,1998,2,0,0,0,0,0,0.2596581279216821,3.374438500031829,21004077441.4802,2775.47372982047,7567745,0,0.0,10.322303610850286,6.878966489810401,0.0
SVK,SVK,Slovakia,1998,37,0,0,0,0,0,0.132406431895301,2.8251621406525373,29976207629.4888,5560.916177503,5390516,0,0.0,10.476776688226554,6.731630339440296,0.0
SVN,SLO,Slovenia,1998,34,0,0,0,0,0,0.0623065036090352,3.259808523580432,22058635314.4836,11131.5666628231,1981629,0,0.0,10.343578640755023,6.297022349274096,0.0
SWE,SWE,Sweden,1998,99,0,0,2,5,7,4.333470396705534,10.159701108932495,270887306758.576,30605.3669074811,8850974,1,2.0794415416798357,11.432788655332686,6.946991064997258,0.7908734112200533
TTO,TTO,Trinidad and Tobago,1998,2,0,0,0,0,0,0.0,0.0,,,,0,0.0,,,
TUR,TUR,Turkey,1998,1,0,0,0,0,0,3.78365231403936,4.76312916725874,276035372654.608,4331.02761275037,63734383,0,0.0,11.440964738457865,7.8043737858462645,0.0
TWN,TPE,Chinese Taipei,1998,7,0,0,0,0,0,0.0011469608036727,0.0332768067892175,,,,0,0.0,,,
UKR,UKR,Ukraine,1998,56,0,0,1,0,1,2.348897759822329,4.128458444029093,41882523345.1804,831.336791992188,50379731,1,0.6931471805599453,10.622032839240685,7.7022558442750855,0.019849252470204734
URY,URU,Uruguay,1998,1,0,0,0,0,0,0.0,0.0,25385886977.5228,7836.89183322307,3239280,0,0.0,10.404592342163081,6.510448489596835,0.0
USA,USA,United States,1998,186,0,25,4,5,34,47.01413874099699,5.5338433012366295,9062818202000.0,32853.6769523009,275854000,1,3.5553480614894135,12.957263268235234,8.440679285793605,0.12325360516795117
UZB,UZB,Uzbekistan,1998,4,0,0,0,0,0,1.416221919965019,3.050061408430338,14988971210.8383,621.048904301242,24134929,0,0.0,10.175771825457426,7.382646025551497,0.0
VEN,VEN,Venezuela,1998,1,0,0,0,0,0,0.0,0.0,91336763255.0597,3869.98258848894,23601337,0,0.0,10.960645617240614,7.372936606159735,0.0
VIR,ISV,United States Virgin Islands,1998,7,0,0,0,0,0,,,,,108537,0,0.0,,5.035577813360542,0.0
ZAF,RSA,South Africa,1998,2,0,0,0,0,0,0.0516153907536347,0.0430808795499615,152982984557.233,3309.60933087472,46223880,0,0.0,11.184643129354567,7.664866397046732,0.0
AND,AND,Andorra,2002,3,0,0,0,0,0,,,1764279817.95815,26528.1300628236,66506,0,0.0,9.246567466145992,4.822860828000024,0.0
ARG,ARG,Argentina,2002,11,0,0,0,0,0,5.755910050091623,2.2367790807038546,97724004251.8602,2569.69963519124,38029349,0,0.0,10.99000125393032,7.580118891066918,0.0
ARM,ARM,Armenia,2002,9,0,0,0,0,0,0.2611271523323261,9.220678359270096,2376335048.39976,742.651118319819,3199800,0,0.0,9.375907673435725,6.50512283406652,0.0
AUS,AUS,Australia,2002,25,0,2,0,0,2,0.0832433042093666,0.0124526231957133,396436967262.563,20335.0960191023,19495210,1,1.0986122886681098,11.598174145131047,7.289927917715848,0.10258930270563897
AUT,AUT,Austria,2002,90,0,3,4,13,20,0.6666547280588706,7.845480926334858,212837224022.813,26334.862215032,8081957,1,3.044522437723423,11.328047585906527,6.907516535451792,2.47464815761826
AZE,AZE,Azerbaijan,2002,4,0,0,0,0,0,0.3601358346936411,3.9692665450274944,6236087738.28284,763.108895463487,8171950,0,0.0,9.794912216841377,6.912325700741794,0.0
BEL,BEL,Belgium,2002,6,0,0,0,0,0,0.00639779939565,0.2115126262651756,258383599375.177,25006.191397109,10332785,0,0.0,11.412264943816435,7.0142173928765965,0.0
BER,BER,Bermuda,2002,1,0,0,0,0,0,,,,,,0,0.0,,,
BGR,BUL,Bulgaria,2002,23,0,0,1,2,3,0.3148745792194937,2.859889063984156,16403043849.8297,2092.98288625558,7837161,1,1.3862943611198906,10.214924445884572,6.894158768637691,0.38279167673089787
BIH,BIH,Bosnia and Herzegovina,2002,2,0,0,0,0,0,0.1957464357708258,3.8990385364741087,6728220982.88398,1606.5467454132,4188002,0,0.0,9.827900247069142,6.6220068804062215,0.0
BLR,BLR,Belarus,2002,64,0,0,0,1,1,0.8261926081958051,3.9849160239100456,14594900944.7658,1479.38066337175,9865548,1,0.6931471805599453,10.164201151788054,6.994121213943615,0.10136284370619858
BRA,BRA,Brazil,2002,10,0,0,0,0,0,0.0006088452717121,7.84339064807682e-05,509795270685.19,2855.94017137049,178503484,0,0.0,11.707395802249662,8.251646697015207,0.0
CAN,CAN,Canada,2002,150,0,52,7,15,74,85.21485583315093,7.885162718594074,760649334098.005,24256.0192337185,31359199,1,4.31748811353631,11.881184489405449,7.496364961081191,2.3597541506082473
CHE,SUI,Switzerland,2002,110,0,3,7,14,24,0.7777009799492773,16.68548956513405,309301422430.386,42458.7384679187,7284753,1,3.2188758248682006,11.490381917262303,6.862414830978268,3.2945523341697376
CHL,CHI,Chile,2002,6,0,0,0,0,0,9.512811490715256,12.622919864952564,70264045939.2773,4430.84741157984,15857925,0,0.0,10.846733153689879,7.200246359526001,0.0
CHN,CHN,China,2002,65,0,2,5,9,16,30.903267338909533,3.267093561589718,1489821682050.54,1163.55957673426,1280400000,1,2.833213344056216,12.173134290468738,9.107345665472094,0.012496094970321774
CMR,CMR,Cameroon,2002,1,0,0,0,0,0,0.0,0.0,12417251350.4882,789.623811072554,15725528,0,0.0,10.09402547221531,7.196605236224575,0.0
CRI,CRC,Costa Rica,2002,1,0,0,0,0,0,0.0,0.0,16578820687.2881,4067.71851429092,4075705,0,0.0,10.219553634343384,6.610202742187036,0.0
CYP,CYP,Cyprus,2002,1,0,0,0,0,0,0.0007170496100493,0.1105676929000765,11420228846.1538,16093.2158203125,981440,0,0.0,10.057674806679183,5.991863754302392,0.0
CZE,CZE,Czech Republic,2002,76,0,1,2,0,3,0.2265461294317211,2.7993395924568176,82607869609.574,8101.26018588111,10196916,1,1.3862943611198906,10.917021422201898,7.00846884169296,0.2942066012900371
DEU,GER,Germany,2002,157,0,26,23,12,61,0.5150182006009564,1.4380925567820668,2102350798305.89,25486.5942008748,82488495,1,4.127134385045092,12.322705184126695,7.916393379986979,0.7394970656210905
DNK,DEN,Denmark,2002,11,0,0,0,0,0,0.0619530941005726,1.4692307449877262,178788209558.311,33257.1622586509,5375931,0,0.0,11.252338875239534,6.730453685917874,0.0
ESP,ESP,Spain,2002,7,0,0,0,0,0,0.2941117446099036,0.5987544427625835,708938227243.923,17111.0685058941,41431558,0,0.0,11.850608394935024,7.617331264895701,0.0
EST,EST,Estonia,2002,17,0,1,1,1,3,0.272702740887077,6.135859061032534,7370119619.4782,5343.18310760735,1379350,1,1.3862943611198906,9.867474536659286,6.139674479215879,2.174937470547722
FIJ,FIJ,Fiji,2002,1,0,0,0,0,0,,,,,,0,0.0,,,
FIN,FIN,Finland,2002,98,0,7,5,1,13,2.331619496506261,6.839819718152285,140360963811.765,26989.389260959,5200598,1,2.6390573296152584,11.147246341708472,6.716053284628666,2.4997125330586982
FRA,FRA,France,2002,114,0,5,5,5,15,0.626924322465395,0.9822961874306202,1492427756382.43,24144.5727019529,61812142,1,2.772588722239781,12.173893317514082,7.7910737936268,0.24267076847134658
GBR,GBR,Great Britain,2002,49,0,5,0,1,6,0.2409011172995315,1.0322070447728038,1790536570743.41,30158.7017807858,59370479,1,1.9459101490553132,12.252983195668985,7.773570552820579,0.10106032663135496
GEO,GEO,Georgia,2002,4,0,0,0,0,0,0.7389246388038224,10.74817031621933,3395766677.67315,853.526171868939,3978515,0,0.0,9.530937842325692,6.599720999799373,0.0
GRC,GRE,Greece,2002,10,0,0,0,0,0,0.1691769799305724,1.2990022078156471,150253800085.865,13782.195640943,10902022,0,0.0,11.176825464604574,7.037507054087657,0.0
HKG,HKG,Hong Kong,2002,2,0,0,0,0,0,,,166348866131.028,24665.8362318216,6744100,0,0.0,11.221019844972103,6.8289240012854595,0.0
HRV,CRO,Croatia,2002,13,0,3,1,0,4,0.0849138986289907,1.4863412361592054,26757722428.6781,6219.58164143945,4302174,1,1.6094379124341003,10.427449144269445,6.633687971302882,0.9297624875237497
HUN,HUN,Hungary,2002,25,0,0,0,0,0,0.0666709553460289,0.7250827038660645,67636468625.0428,6658.04494326809,10158608,0,0.0,10.8301809245216,7.00683420210776,0.0
IND,IND,India,2002,1,0,0,0,0,0,3.1754444640950714,1.0848849778994918,514939140318.756,469.149928973927,1097600380,0,0.0,11.71175590363228,9.040444248719705,0.0
IRL,IRL,Ireland,2002,6,0,0,0,0,0,0.0138114216821316,0.2406314451945945,128596035288.401,32705.4345565698,3931947,0,0.0,11.109227579172087,6.594607655202145,0.0
IRN,IRI,Iran,2002,2,0,0,0,0,0,2.559894264724311,1.637408509850502,128626917503.72,1891.25756091033,68011317,0,0.0,11.109331862056806,7.832581184790229,0.0
ISL,ISL,Iceland,2002,6,0,0,0,0,0,1.999200180950952,18.569152802228928,9416199699.54736,32749.379004627,287523,0,0.0,9.973875660486586,5.458672591194533,0.0
ISR,ISR,Israel,2002,5,0,0,0,0,0,,,125332331883.997,19076.4584298321,6570000,0,0.0,11.09806312005647,6.817565369559781,0.0
ITA,ITA,Italy,2002,108,0,4,11,6,21,0.7403071401415393,2.4640655610710382,1281746271196.04,22451.3964379368,57089824,1,3.091042453358316,12.107802062682486,7.756558704139164,0.3678413862337358
JAM,JAM,Jamaica,2002,2,0,0,0,0,0,,,9719009494.84779,3680.64551727724,2640572,0,0.0,9.987622006403495,6.421698013815193,0.0
JPN,JPN,Japan,2002,103,0,0,1,1,2,2.290266702472032,5.827710032463074,4182846045873.61,32820.7936433254,127445000,1,1.0986122886681098,12.621471880201478,8.105322801633413,0.015693044058221195
KAZ,KAZ,Kazakhstan,2002,50,0,0,0,0,0,9.70631664738802,3.621342359110713,24636598527.4437,1573.55219932325,15656677,0,0.0,10.391580746400866,7.194699592096001,0.0
KEN,KEN,Kenya,2002,1,0,0,0,0,0,2.8924555777996067e-05,4.874704373492023e-05,13147736898.5176,402.936385605382,32629808,0,0.0,10.118851004759659,7.513614518324012,0.0
KGZ,KGZ,Kyrgyzstan,2002,2,0,0,0,0,0,2.288278582261246,11.724438518285751,1605643104.73021,321.726775366804,4990704,0,0.0,9.205649018606978,6.698161812507122,0.0
KOR,KOR,South Korea,2002,46,0,5,2,0,7,0.1374360120800927,1.399457105435431,650014391470.21,13642.9424537101,47644736,1,2.0794415416798357,11.812922972130407,7.678014924860206,0.14692074272381317
LIB,LIB,Lebanon,2002,2,0,0,0,0,0,,,,,,0,0.0,,,
LIE,LIE,Liechtenstein,2002,8,0,0,0,0,0,,,2688618747.38148,79795.1785891101,33694,0,0.0,9.429529222584993,4.52755257152753,0.0
LTU,LTU,Lithuania,2002,8,0,0,0,0,0,0.2743340796744513,4.328994546085596,14282292664.6004,4148.13091485015,3443067,0,0.0,10.154797928144907,6.536945473894675,0.0
LVA,LAT,Latvia,2002,47,0,0,0,0,0,0.3560590694990966,5.595156457275152,9249030241.01864,4003.60935783538,2310173,0,0.0,9.966096199436013,6.36364450375885,0.0
MDA,MDA,Moldova,2002,5,0,0,0,0,0,0.058767420385845,1.827038242481649,1661818168.4226,570.799866188293,2911385,0,0.0,9.220583502738828,6.4640996401071735,0.0
MEX,MEX,Mexico,2002,3,0,0,0,0,0,0.1150558939824372,0.0596643294556997,810666116401.915,7983.03398381759,101548624,0,0.0,11.908842021090296,8.006674043021418,0.0
MKD,MKD,Macedonia,2002,2,0,0,0,0,0,0.0811714239444182,3.237753175199032,4018365747.00972,1989.13537265159,2020157,0,0.0,9.604049463193482,6.305385122706061,0.0
MNG,MGL,Mongolia,2002,4,0,0,0,0,0,3.572788957311505,2.3594817612320185,1396555719.97409,570.249213248399,2449027,0,0.0,9.145058267924261,6.388993573155083,0.0
MON,MON,Monaco,2002,5,0,0,0,0,0,,,,,,0,0.0,,,
NEP,NEP,Nepal,2002,1,0,0,0,0,0,,,,,,0,0.0,,,
NLD,NED,Netherlands,2002,27,0,3,5,0,8,0.0048256645962421,0.1223307335749268,475529972122.746,29446.5330872868,16148929,1,2.1972245773362196,11.677177895231994,7.2081437251306815,0.4953888892569903
NOR,NOR,Norway,2002,77,0,23,11,7,41,5.377559394556693,12.79411930590868,195914852576.467,43170.557174499,4538159,1,3.7376696182833684,11.29206736170933,6.6568797078585105,9.03450055407931
NZL,NZL,New Zealand,2002,10,0,0,0,0,0,0.7435540653165513,2.7813438791781664,66627729311.4495,16874.1874918196,3948500,0,0.0,10.823655012663131,6.596432142349082,0.0
POL,POL,Poland,2002,27,0,0,1,1,2,0.7507017985687933,2.422162797302008,199694463255.567,5223.45178967082,38230364,1,1.0986122886681098,11.30036602375458,7.582408433055357,0.05231443781178751
ROU,ROU,Romania,2002,21,0,0,0,0,0,0.6506635131457621,2.751273335888982,46065502702.5817,2119.85509684554,21730496,0,0.0,10.663375814883663,7.3370696392337615,0.0
RUS,RUS,Russia,2002,151,0,6,5,27,38,128.65452490272872,7.632971275597811,345470494417.863,2377.52954101563,145306497,1,3.6635616461296463,11.53841096152585,8.162285033074122,0.26151617983055503
SMR,SMR,San Marino,2002,1,0,0,0,0,0,,,1148872072.38556,41790.8432718184,27491,0,0.0,9.060271672421843,4.43919053782757,0.0
SRB,SCG,Serbia and Montenegro,2002,6,0,0,0,0,0,0.1448572919014635,1.8834926886484027,17930583571.3055,2390.73459447107,7500031,0,0.0,10.25359442440175,6.875063058471849,0.0
SVK,SVK,Slovakia,2002,49,0,0,0,0,0,0.1225479375478801,2.612857613712549,35243658398.7546,6554.62808369461,5376912,0,0.0,10.54708098316585,6.730532928754012,0.0
SVN,SLO,Slovenia,2002,40,0,0,0,4,4,0.0432337324380157,2.259676344692707,23214593516.2095,11639.1297780477,1994530,1,1.6094379124341003,10.365761083642393,6.299840572978008,2.005485001479045
SWE,SWE,Sweden,2002,102,0,0,2,24,26,3.5028742779258426,8.091227151453495,267371907446.776,29957.7776664916,8924958,1,3.295836866004329,11.427115774347916,6.950606181040683,2.913178975183973
THA,THA,Thailand,2002,1,0,0,0,0,0,0.0,0.0,134300904400.022,2089.75183111554,64266437,0,0.0,11.128078937274944,7.807984222827271,0.0
TJK,TJK,Tajikistan,2002,1,0,0,0,0,0,2.037434428158647,14.762135222554209,1221106220.2868,186.951638285222,6531669,0,0.0,9.086753443533722,6.815024168239181,0.0
TTO,TTO,Trinidad and Tobago,2002,3,0,0,0,0,0,0.0,0.0,,,,0,0.0,,,
TUR,TUR,Turkey,2002,3,0,0,0,0,0,3.8588191109669774,4.845493007451296,240778008473.845,3591.08628982587,67048795,0,0.0,11.381616817990244,7.826390977123438,0.0
TWN,TPE,Chinese Taipei,2002,6,0,0,0,0,0,0.0016819193400758,0.0487631987198255,,,,0,0.0,,,
UKR,UKR,Ukraine,2002,68,0,0,0,0,0,1.4165298746356283,2.496979897841811,43956163612.0433,903.011901855469,48677281,0,0.0,10.6430197812304,7.687326311553193,0.0
USA,USA,United States,2002,202,1,11,58,15,84,45.70579078084475,5.600924603641033,10929112955000.0,37997.7596573051,287625193,1,4.442651256490317,13.03858491452226,8.458826923093673,0.29204674014768933
UZB,UZB,Uzbekistan,2002,6,0,0,0,0,0,1.0619745744805438,2.27810419164598,9687788512.80184,381.409296889283,25399980,0,0.0,9.986224649465541,7.404833374655644,0.0
VEN,VEN,Venezuela,2002,4,0,0,0,0,0,5.957518730085371e-07,6.552546283344896e-07,92893587733.6549,3652.09896501865,25435671,0,0.0,10.967985736512446,7.405443198926428,0.0
VIR,ISV,United States Virgin Islands,2002,8,0,0,0,0,0,,,3262000000.0,30062.0225050457,108509,0,0.0,9.513483956704256,5.0354657611176,0.0
ZAF,RSA,South Africa,2002,1,0,0,0,0,0,0.0945039007378653,0.0785038864705711,129087556612.449,2688.23676032806,48019415,0,0.0,11.110884380492564,7.6814168649292665,0.0
ALB,ALB,Albania,2006,1,0,0,0,0,0,0.1288647505903882,4.28435392677784,9150528132.17633,3057.77257038113,2992547,0,0.0,9.961446160544126,6.4760409800242655,0.0
AND,AND,Andorra,2006,3,0,0,0,0,0,,,3459336818.03742,43467.1963063068,79585,0,0.0,9.538992849118623,4.900831220613282,0.0
ARG,ARG,Argentina,2006,9,0,0,0,0,0,4.787086602514826,1.8647481920197608,232557260817.308,5869.38028970204,39622115,0,0.0,11.366529903441878,7.5979376541483505,0.0
ARM,ARM,Armenia,2006,5,0,0,0,0,0,0.2313650845847391,8.168434724211693,6384452066.5146,2041.65267068997,3127100,0,0.0,9.80512363069884,6.495141769555622,0.0
AUS,AUS,Australia,2006,40,0,1,0,1,2,0.0548998994423412,0.0083369450294412,749708370332.989,36658.8243476122,20450966,1,1.0986122886681098,11.874892359677826,7.3107138266984295,0.09779489144913742
AUT,AUT,Austria,2006,73,0,16,7,7,30,0.8230374662523179,9.712661616504192,333905979332.481,40382.2078298575,8268641,1,3.4339872044851463,11.523624196136884,6.917434136553733,3.628165740899865
AZE,AZE,Azerbaijan,2006,2,0,0,0,0,0,0.3288632577093833,3.623554715886712,20981929497.6188,2472.95725732287,8484550,0,0.0,10.321845423401756,6.928628813336146,0.0
BEL,BEL,Belgium,2006,4,0,0,0,0,0,0.0324634687825313,1.0766498744487762,408259840868.823,38705.1067959147,10547958,0,0.0,11.610936661953758,7.023168391845273,0.0
BER,BER,Bermuda,2006,1,0,0,0,0,0,,,,,,0,0.0,,,
BGR,BUL,Bulgaria,2006,21,0,0,1,0,1,0.4051784720069911,3.6815295461565256,34380536495.6739,4523.1465578805,7601022,1,0.6931471805599453,10.536312649410162,6.880871989533446,0.13156125584164868
BIH,BIH,Bosnia and Herzegovina,2006,6,0,0,0,0,0,0.3380352258287821,6.726351100951433,12864841905.9543,3166.12865344833,4063272,0,0.0,10.109404453601668,6.608875895460838,0.0
BLR,BLR,Belarus,2006,28,0,0,1,0,1,0.7228530005892793,3.469847841188312,36961894281.3444,3848.22350300163,9604924,1,0.6931471805599453,10.567754220525714,6.9824939328092475,0.10411326523770516
BRA,BRA,Brazil,2006,9,0,0,0,0,0,0.0001163980616815,1.5061900171531306e-05,1107626711163.23,5934.14561857454,186653106,0,0.0,12.0443934205034,8.271035221197428,0.0
CAN,CAN,Canada,2006,191,0,30,28,11,69,84.95194341775678,7.894717156887054,1319264809590.97,40504.0370977806,32571193,1,4.248495242049359,12.120331978109755,7.512833665959046,2.118436374129741
CHE,SUI,Switzerland,2006,125,0,5,7,9,21,0.6264072391527704,13.46869021654129,441634672196.523,59011.0324592016,7483934,1,3.091042453358316,11.645063161986812,6.874129948849058,2.806010849374139
CHL,CHI,Chile,2006,9,0,0,0,0,0,8.401966293743753,11.317343451082706,153843518170.864,9318.65655296121,16509195,0,0.0,11.187079203008386,7.217725897273615,0.0
CHN,CHN,China,2006,73,0,2,5,6,13,29.013114566096625,3.056400921195745,2791498472804.33,2129.25696999613,1311020000,1,2.6390573296152584,12.445837394589159,9.117609317032102,0.009915943311314854
CRI,CRC,Costa Rica,2006,1,0,0,0,0,0,0.0,0.0,22715540324.3032,5256.59640859159,4321340,0,0.0,10.356323071640295,6.635618437640736,0.0
CYP,CYP,Cyprus,2006,1,0,0,0,0,0,6.393229232944398e-06,0.0009858340490609,20072754986.8272,26729.28125,1054418,0,0.0,10.302606983522107,6.023012811166806,0.0
CZE,CZE,Czech Republic,2006,83,0,1,2,24,27,0.3570862176966936,4.400284495204687,156236258386.589,15259.0788162004,10238905,1,3.332204510175204,11.193781829732465,7.010253513486905,2.637000733965204
DEU,GER,Germany,2006,155,0,23,25,6,54,0.9963161023184696,2.7472302317619324,3046308753670.58,36980.3349948954,82376451,1,4.007333185232471,12.483773918441893,7.91580307744417,0.6555271481651959
DNK,DEN,Denmark,2006,4,0,0,0,0,0,0.0645547396862957,1.5320107340812683,283386151543.687,52119.1787984282,5437272,0,0.0,11.452378623416346,6.735381059163996,0.0
DZA,ALG,Algeria,2006,2,0,0,0,0,0,0.1704968189502209,0.078229495557025,123084258693.01,3660.66104745322,33623506,0,0.0,11.09020251434563,7.526642996345165,0.0
ESP,ESP,Spain,2006,16,0,0,0,0,0,0.5722414411860344,1.1545137967914345,1261846683275.29,28421.686527407,44397319,0,0.0,12.10100659052425,7.647356745370011,0.0
EST,EST,Estonia,2006,26,0,3,0,0,3,0.1568723451957367,3.5333826672285795,17025671810.3124,12641.4800976473,1346810,1,1.3862943611198906,10.231104257604217,6.129306332343832,2.227485688404452
ETH,ETH,Ethiopia,2006,1,0,0,0,0,0,0.0004077570727263,0.000356493842446,15280861834.6024,189.345737521418,80703490,0,0.0,10.184147848968534,7.906892316072363,0.0
FIN,FIN,Finland,2006,90,0,0,34,7,41,2.0972013208529634,6.303632166236639,217044068234.117,41214.0187765069,5266268,1,3.7376696182833684,11.336547921165765,6.721502956547401,7.785399451755969
FRA,FRA,France,2006,82,0,3,2,10,15,1.0091459253049042,1.6136576887220144,2317861544690.82,36431.5658906555,63622342,1,2.772588722239781,12.365087490224365,7.803609651865903,0.23576623444638364
GBR,GBR,Great Britain,2006,39,0,0,1,0,1,0.2275279902038179,0.9598868200555444,2719558417663.29,44695.161023424,60846820,1,0.6931471805599453,12.434498392144139,7.784237885893274,0.016434712611110982
GEO,GEO,Georgia,2006,3,0,0,0,0,0,0.933099041037482,13.585337437689304,7745250733.95067,1996.02013272284,3880347,0,0.0,9.889035481566964,6.588870564111433,0.0
GRC,GRE,Greece,2006,5,0,0,0,0,0,0.2613810590382227,2.0050157327204943,269073415333.676,24416.0232970275,11020362,0,0.0,11.429870791244896,7.042195860579315,0.0
HKG,HKG,Hong Kong,2006,1,0,0,0,0,0,,,193535442896.365,28224.0951563146,6857100,0,0.0,11.28676051067157,6.836140483012336,0.0
HRV,CRO,Croatia,2006,23,0,1,2,0,3,0.1423122747789028,2.497388981282711,49583544860.0759,11501.2099669894,4311159,1,1.3862943611198906,10.695337572414394,6.634594040378647,0.6958685587796692
HUN,HUN,Hungary,2006,19,0,0,0,0,0,0.1826604837216667,1.984075177460909,115604111412.139,11478.4891640501,10071370,0,0.0,11.062973279861785,7.003088551285576,0.0
IND,IND,India,2006,4,0,0,0,0,0,3.784653904572997,1.2997530866414309,940259888787.721,801.668353659022,1172878890,0,0.0,11.973247909627919,9.069253169728333,0.0
IRL,IRL,Ireland,2006,4,0,0,0,0,0,0.002536330398312,0.0440316689491737,232180617162.279,54329.1618599624,4273591,0,0.0,11.365825961264637,6.630792956072643,0.0
IRN,IRI,Iran,2006,2,0,0,0,0,0,3.166713868379194,2.0085754804313183,265602187403.643,3618.91601364428,73392747,0,0.0,11.424231647403133,7.865653143110654,0.0
ISL,ISL,Iceland,2006,5,0,0,0,0,0,2.129923285412707,19.833920523524284,17671649843.2602,58172.1426656622,303782,0,0.0,10.24727709757555,5.48256203703082,0.0
ISR,ISR,Israel-1,2006,5,0,0,0,0,0,,,158900547825.306,22527.2619795719,7053700,0,0.0,11.201125394483007,6.84841698480196,0.0
ITA,ITA,Italy,2006,179,1,11,0,14,25,0.703707064573984,2.324826316908002,1958563654385.64,33537.1286994269,58399861,1,3.258096538021482,12.291937690920491,7.76641181343081,0.4280832106775049
JPN,JPN,Japan,2006,110,0,1,0,0,1,2.216158044840749,5.663237534463406,4601663122649.92,35991.546002862,127854000,1,0.6931471805599453,12.662914821779522,8.106714319775362,0.007821421308680214
KAZ,KAZ,Kazakhstan,2006,55,0,0,0,0,0,9.320420716830569,3.4729987382888794,81003864630.018,5030.13494711519,16103716,0,0.0,10.908505739217581,7.2069261028691445,0.0
KEN,KEN,Kenya,2006,1,0,0,0,0,0,0.0,0.0,25825512284.2891,699.80237063381,36904008,0,0.0,10.412048945100983,7.56707353574598,0.0
KGZ,KGZ,Kyrgyzstan,2006,1,0,0,0,0,0,2.1911836733691743,11.220564134418964,2834168889.42019,543.113512472219,5218373,0,0.0,9.452425726489347,6.717535118469102,0.0
KOR,KOR,South Korea,2006,40,0,14,3,2,19,0.1154706893480422,1.1741244234144688,1095175538508.19,22609.7059431449,48438292,1,2.995732273553991,12.03948373497112,7.685188820927395,0.3922516508220397
LIB,LIB,Lebanon,2006,3,0,0,0,0,0,,,,,,0,0.0,,,
LIE,LIE,Liechtenstein,2006,5,0,0,0,0,0,,,4000102086.14635,114167.939211301,35037,0,0.0,9.602071075049036,4.544526913157487,0.0
LTU,LTU,Lithuania,2006,7,0,0,0,0,0,0.1890760793697814,2.9786149971187115,30116192746.8942,9210.10118229413,3269909,0,0.0,10.478800068009226,6.514535666621213,0.0
LUX,LUX,Luxembourg,2006,1,0,0,0,0,0,0.0045651562637037,1.8452658550813796,42910146296.0646,90788.8004876145,472637,0,0.0,10.632559995200705,5.674527717014598,0.0
LVA,LAT,Latvia,2006,57,0,0,0,1,1,0.1905769929546298,2.992835128679872,20434922247.3037,9211.7374468148,2218357,1,0.6931471805599453,10.310372989606643,6.346031438410901,0.4507840712743711
MAD,MAD,Madagascar,2006,1,0,0,0,0,0,,,,,,0,0.0,,,
MDA,MDA,Moldova,2006,6,0,0,0,0,0,0.1090649442962865,3.3851575572043657,3408255450.5509,1183.02481442894,2880967,0,0.0,9.53253213791597,6.459538283688263,0.0
MKD,MKD,Macedonia,2006,3,0,0,0,0,0,0.1067455801275734,4.25921892747283,6861226971.55617,3440.4411057968,1994287,0,0.0,9.836401786162728,6.299787658262074,0.0
MNG,MGL,Mongolia,2006,2,0,0,0,0,0,2.612901030507251,1.742851221933961,3414055661.61598,1329.89179579053,2567168,0,0.0,9.533270597427693,6.4094542905980285,0.0
MON,MON,Monaco,2006,4,0,0,0,0,0,,,,,,0,0.0,,,
NEP,NEP,Nepal,2006,1,0,0,0,0,0,,,,,,0,0.0,,,
NLD,NED,Netherlands,2006,33,0,3,2,8,13,0.0183055463460022,0.460231676697731,737593995289.411,45123.5432406426,16346101,1,2.6390573296152584,11.867817372493391,7.213414178028711,0.7952966887944716
NOR,NOR,Norway,2006,67,0,2,9,12,23,5.919258842043619,14.77749180048704,346915160681.708,74434.4996835671,4660677,1,3.1780538303479458,11.540223279538042,6.668449005962328,4.934905379626178
NZL,NZL,New Zealand,2006,15,0,0,0,0,0,0.8388374591122694,3.1200924422591925,111538810712.665,26654.5932018985,4184600,0,0.0,11.04742600949676,6.621653950717518,0.0
POL,POL,Poland,2006,45,0,0,1,1,2,0.9561834187268332,3.0633313581347466,345897630736.173,9068.85528307627,38141267,1,1.0986122886681098,11.538947587276777,7.5813951156100705,0.052436642967314116
PRK,PRK,North Korea,2006,6,0,0,0,0,0,0.5746826384415622,4.608079791069031,,,24524507,0,0.0,,7.389600285804011,0.0
PRT,POR,Portugal,2006,1,0,0,0,0,0,0.0130172806685181,0.1407710806233808,208756449275.848,19839.4540499032,10522288,0,0.0,11.319639901361137,7.022110184469225,0.0
ROU,ROU,Romania,2006,25,0,0,0,0,0,0.9685608954742576,4.088989458978176,122023735992.706,5757.53127301178,21193760,0,0.0,11.086444317625539,7.326208012038412,0.0
RUS,RUS,Russia,2006,174,0,16,12,13,41,123.990237152216,7.355095818638802,989932071352.543,6920.19970703125,143049637,1,3.7376696182833684,11.995605394548152,8.155486760085378,0.28661379965612915
SEN,SEN,Senegal,2006,1,0,0,0,0,0,0.0,0.0,11697918243.0035,1017.20196747987,11500094,0,0.0,10.068108581744648,7.060701390224434,0.0
SMR,SMR,San Marino,2006,1,0,0,0,0,0,,,1909765165.43137,63270.7780755157,30184,0,0.0,9.280979967442752,4.479776792192939,0.0
SRB,SCG,Serbia and Montenegro,2006,6,0,0,0,0,0,0.3298111412452232,4.294574726372957,33298057361.7412,4492.7136699046,7411569,0,0.0,10.52241889711935,6.869910156145497,0.0
SVK,SVK,Slovakia,2006,58,0,0,1,0,1,0.197450454831465,4.206082783639431,70751813442.9881,13167.8954730379,5373054,1,0.6931471805599453,10.849737575760848,6.730221205315423,0.18611389351381913
SVN,SLO,Slovenia,2006,36,0,0,0,0,0,0.0872537309936152,4.562198184430599,39260368837.0342,19563.005059144,2006868,0,0.0,10.593954375323495,6.3025188080844545,0.0
SWE,SWE,Sweden,2006,106,0,35,21,8,64,3.8181441090034944,8.970902301371098,422528394459.353,46531.3762240485,9080505,1,4.174387269895637,11.625855899422175,6.958110001892747,7.048066159316029
THA,THA,Thailand,2006,1,0,0,0,0,0,0.0,0.0,221758296021.621,3331.32043511773,66567687,0,0.0,11.345879875849956,7.823263466962362,0.0
TJK,TJK,Tajikistan,2006,1,0,0,0,0,0,1.9330348541797835,14.001426286995413,2830213848.6203,401.018403316427,7057566,0,0.0,9.45181925169636,6.848654948214888,0.0
TUR,TUR,Turkey,2006,6,0,0,0,0,0,4.207991761701914,5.298288073390722,559668118237.002,7990.08251407245,70045349,0,0.0,11.747930567817736,7.84537930349482,0.0
TWN,TPE,Chinese Taipei,2006,1,0,0,0,0,0,0.0014959158841297,0.0433715831604786,,,,0,0.0,,,
UKR,UKR,Ukraine,2006,52,0,0,0,3,3,2.1899200907052565,3.843480022624135,111884752475.248,2366.494140625,47278694,1,1.3862943611198906,11.048770905410786,7.674665471332862,0.06345352940586726
USA,USA,United States,2006,204,0,9,11,32,52,43.55486837290213,5.285851191729307,13815586948000.0,46302.0008800056,298379912,1,3.970291913552122,13.140369340418847,8.474769581531143,0.17427446657333956
UZB,UZB,Uzbekistan,2006,4,0,0,0,0,0,0.938921826949478,2.0144942682236437,17330833852.919,649.118167003925,26699043,0,0.0,10.238819458790626,7.426495694800237,0.0
VEN,VEN,Venezuela,2006,1,0,0,0,0,0,0.0,0.0,183477522123.894,6739.38065342218,27224686,0,0.0,11.263582866323766,7.434962879456142,0.0
ZAF,RSA,South Africa,2006,3,0,0,0,0,0,0.1380861449250677,0.115124879812356,303858675363.643,6077.38293388876,49998277,0,0.0,11.482671640251455,7.698955038290306,0.0
ALB,ALB,Albania,2010,1,0,0,0,0,0,0.1939073778167078,6.439180579036474,12086545641.299,4149.14469936847,2913021,0,0.0,10.08230219637084,6.464343615472585,0.0
AND,AND,Andorra,2010,6,0,0,0,0,0,,,3449925693.58181,42746.830391567,80706,0,0.0,9.537809741097934,4.906905823074332,0.0
ARG,ARG,Argentina,2010,7,0,0,0,0,0,4.592873843234757,1.814591814763844,423627422092.49,10260.1313108254,41288694,0,0.0,11.626984064934005,7.615831145951389,0.0
ARM,ARM,Armenia,2010,4,0,0,0,0,0,0.2133702289225706,7.536231074482202,9260285755.62424,3041.34450723339,3044800,0,0.0,9.9666243884288,6.483558770942945,0.0
AUS,AUS,Australia,2010,40,0,2,1,0,3,0.1288379849221191,0.0192525403690524,1152566632022.13,52313.8939041213,22031750,1,1.3862943611198906,12.061666042159764,7.343048994888317,0.13616712244828486
AUT,AUT,Austria,2010,75,0,11,9,6,26,0.9901537983373936,11.672639288008211,389827789217.634,46611.1393420232,8363404,1,3.295836866004329,11.590872794950151,6.922383076186067,3.108782022248357
AZE,AZE,Azerbaijan,2010,2,0,0,0,0,0,0.2596348578707602,2.861957298591733,52909294791.9262,5843.5337683582,9054332,0,0.0,10.723531973022965,6.956856414957609,0.0
BEL,BEL,Belgium,2010,8,0,0,0,0,0,0.1059839811519824,3.519570454955101,481556503720.001,44197.393671162,10895586,0,0.0,11.682647252652833,7.0372505929780935,0.0
BER,BER,Bermuda,2010,1,0,0,0,0,0,,,,,,0,0.0,,,
BGR,BUL,Bulgaria,2010,19,0,0,0,0,0,0.6097917087994518,5.546289030462503,50689051382.4361,6853.94805511171,7395599,0,0.0,10.704914163718403,6.868973355054936,0.0
BIH,BIH,Bosnia and Herzegovina,2010,5,0,0,0,0,0,0.435245189166383,8.66150762885809,17176315803.7298,4506.47828548389,3811472,0,0.0,10.234930016439625,6.5810927336849145,0.0
BLR,BLR,Belarus,2010,47,0,1,1,1,3,1.1463480916306632,5.509379785507917,57231904542.8755,6034.67885177216,9483836,1,1.3862943611198906,10.757638198445498,6.976984035298679,0.3163276969361343
BRA,BRA,Brazil,2010,5,0,0,0,0,0,0.002235067531405,0.0002874221252113,2208838108484.35,11403.2840038694,193701929,0,0.0,12.34416388646066,8.287133945705607,0.0
CAN,CAN,Canada,2010,201,1,67,15,8,90,79.18800742343343,7.565296720713377,1617343367486.26,47560.6666009406,34005902,1,4.51085950651685,12.20880223188773,7.531554298912453,2.646599405009166
CAY,CAY,Cayman Islands,2010,1,0,0,0,0,0,,,,,,0,0.0,,,
CHE,SUI,Switzerland,2010,134,0,6,0,6,12,0.7893771869767174,16.968287527561188,598851028906.58,76531.3729407691,7824909,1,2.5649493574615367,11.777318800068326,6.893479295607923,1.533564160298861
CHL,CHI,Chile,2010,3,0,0,0,0,0,10.033693439269646,13.786650262773035,217051209238.534,12632.8704724192,17181464,0,0.0,11.336562209728553,7.235060166481998,0.0
CHN,CHN,China,2010,85,0,9,3,7,19,32.36514101582832,3.459932515397668,6192564874453.29,4629.24551710077,1337705000,1,2.995732273553991,12.791870565030907,9.126360350354275,0.014203430502240778
COL,COL,Colombia,2010,1,0,0,0,0,0,0.0004798857355585,0.0004167735596638,286498534094.963,6398.2958447102,44777319,0,0.0,11.457122404187887,7.651058087046445,0.0
CYP,CYP,Cyprus,2010,2,0,0,0,0,0,1.2815376332677426e-07,1.9761500880122185e-05,25799940077.6075,31105.02734375,1127816,0,0.0,10.411618697281268,6.052238251506475,0.0
CZE,CZE,Czech Republic,2010,90,0,2,0,7,9,0.4926390847575432,6.081890780478716,211168667286.27,20160.4355077059,10474410,1,2.302585092994046,11.324629479040942,7.020129569494111,0.859236940314538
DEU,GER,Germany,2010,149,0,15,24,15,54,2.073080426531408,5.772246047854424,3467093769666.67,42396.9665976293,81776930,1,4.007333185232471,12.53996558757451,7.912630802610031,0.6603329325275478
DNK,DEN,Denmark,2010,17,0,0,0,0,0,0.1484242605671952,3.517386503517628,322345594075.47,58104.5445594981,5547683,0,0.0,11.508321738509315,6.744111637101315,0.0
DZA,ALG,Algeria,2010,1,0,0,0,0,0,0.0493459195841547,0.0230377536354353,177785053939.531,4912.78585503672,36188236,0,0.0,11.249895247835415,7.558567413886385,0.0
ESP,ESP,Spain,2010,18,0,0,0,0,0,0.820845712585308,1.6561280936002731,1427989078916.67,30658.7422282912,46576897,0,0.0,12.154724886022533,7.668170552024637,0.0
EST,EST,Estonia,2010,30,0,0,1,0,1,0.3602422712979173,8.121196180582047,19524355419.038,14663.7041018705,1331475,1,0.6931471805599453,10.290576704901406,6.124333016464801,0.7510467714376913
ETH,ETH,Ethiopia,2010,1,0,0,0,0,0,0.0001697315844689,0.0001483929281675,29933790334.3418,330.619412798644,90538514,0,0.0,10.476161712398682,7.9568333621837946,0.0
FIN,FIN,Finland,2010,91,0,0,1,46,47,2.250625859529342,6.670313887298107,249429613683.334,46506.2919016566,5363352,1,3.871201010907891,11.396948014081426,6.729436300905077,8.763176461287642
FRA,FRA,France,2010,104,0,2,6,6,14,1.93068372698846,3.0964415054768324,2646230027988.34,40694.8211697025,65026211,1,2.70805020110221,12.422627593269437,7.813088448922048,0.215297797375892
GBR,GBR,Great Britain,2010,52,0,1,0,0,1,0.6242210738674985,2.5804692413657904,2496740681057.14,39778.3220528565,62766365,1,0.6931471805599453,12.397373437571892,7.797726978003054,0.01593209993919514
GEO,GEO,Georgia,2010,6,0,0,0,0,0,0.6286211237907178,9.151311591267586,12426907967.1578,3281.72930937343,3786695,0,0.0,10.094363081992405,6.578260326205765,0.0
GHA,GHA,Ghana,2010,1,0,0,0,0,0,0.0,0.0,32197655566.5347,1263.89251760539,25474995,0,0.0,10.507824250218041,7.406114107439107,0.0
GRC,GRE,Greece,2010,7,0,0,0,0,0,0.2924647345204176,2.2554867900907998,296417644404.034,26653.0488008626,11121341,0,0.0,11.471904051666387,7.046157157190903,0.0
HKG,HKG,Hong Kong,2010,1,0,0,0,0,0,,,228638668727.291,32550.136489179,7024200,0,0.0,11.359149682728933,6.846596868737995,0.0
HRV,CRO,Croatia,2010,19,0,0,2,1,3,0.286266413976436,5.0299083814024925,58975205417.3439,13729.7654965022,4295427,1,1.3862943611198906,10.770669462257311,6.633006342678592,0.6984171771514217
HUN,HUN,Hungary,2010,15,0,0,0,0,0,0.3505487215332665,3.7987399846315375,131898737241.166,13189.8433874768,10000023,0,0.0,11.120240637761539,7.00000099887616,0.0
IND,IND,India,2010,3,0,0,0,0,0,3.426693249805222,1.1732872808352113,1675615519484.96,1347.51939071367,1243481564,0,0.0,12.2241743741262,9.094639350753987,0.0
IRL,IRL,Ireland,2010,6,0,0,0,0,0,0.0695946781434035,1.203850843012333,221732824603.484,48623.9666422487,4560155,0,0.0,11.345829989411014,6.658979604616332,0.0
IRN,IRI,Iran,2010,4,0,0,0,0,0,1.3415657550903286,0.8596184197813272,487069570463.768,6291.19443655454,77420842,0,0.0,11.687590997992059,7.888857890232294,0.0
ISL,ISL,Iceland,2010,4,0,0,0,0,0,1.5946823436205606,14.848926104605198,13922711576.5124,43776.4677400475,318041,0,0.0,10.143723826368847,5.502483110317706,0.0
ISR,ISR,Israel,2010,3,0,0,0,0,0,,,239679036634.372,31439.0887027614,7623600,0,0.0,11.379630050420168,6.882160101382887,0.0
ITA,ITA,Italy,2010,109,0,1,1,3,5,1.3799811026197266,4.556243773549795,2144936254535.0,35856.8625485539,59819407,1,1.791759469228055,12.331414389893672,7.776842103481253,0.08358491417342201
JAM,JAM,Jamaica,2010,1,0,0,0,0,0,,,13220549908.2494,4809.977380312,2748568,0,0.0,10.121249519987087,6.439106485947721,0.0
JPN,JPN,Japan,2010,91,0,0,5,2,7,2.596747846980643,6.60045025870204,5759071769013.11,44968.1562349739,128070000,1,2.0794415416798357,12.760352490700797,8.107447409523608,0.054657609120012496
KAZ,KAZ,Kazakhstan,2010,37,0,0,1,0,1,8.720342920987571,3.238445380702615,148047348240.643,8793.07589980782,16836810,1,0.6931471805599453,11.170400632902151,7.226259810997841,0.05939367374223502
KGZ,KGZ,Kyrgyzstan,2010,2,0,0,0,0,0,2.6320417463439854,13.464153744280338,4794361863.01353,876.954476440354,5467059,0,0.0,9.680730810085421,6.737753760783119,0.0
KOR,KOR,South Korea,2010,45,0,6,10,2,18,0.2231899857755364,2.2696424275636677,1192830015737.68,24071.2620526362,49554112,1,2.9444389791664403,12.076578558936916,7.695079698070818,0.36323928072810585
LIB,LIB,Lebanon,2010,3,0,0,0,0,0,,,,,,0,0.0,,,
LIE,LIE,Liechtenstein,2010,4,0,0,0,0,0,,,5082337238.44718,141089.812849014,36022,0,0.0,9.706063479277393,4.556567821888585,0.0
LTU,LTU,Lithuania,2010,6,0,0,0,0,0,0.3308632281580417,5.218702368438244,36638128534.0643,11829.122609457,3097282,0,0.0,10.563933281914847,6.490980748614256,0.0
LVA,LAT,Latvia,2010,53,0,0,3,0,3,0.3803591648163379,5.977126769721508,23468324572.3343,11188.4191700977,2097555,1,1.3862943611198906,10.370482085978546,6.32171335728779,1.4302366326508722
MAR,MAR,Morocco,2010,1,0,0,0,0,0,0.1109186223158616,0.1916266191983595,100865329473.44,3067.9853515625,32467016,0,0.0,11.003741911470918,7.511442375035426,0.0
MDA,MDA,Moldova,2010,7,0,0,0,0,0,0.1352582695663531,4.19759564101696,6974982369.60155,2436.79935102421,2862354,0,0.0,9.84354311419733,6.456723343867969,0.0
MEX,MEX,Mexico,2010,1,0,0,0,0,0,0.1114054715726737,0.0586501118959859,1105424238731.09,9728.80078377082,113623895,0,0.0,12.04352898316212,8.055469672707595,0.0
MKD,MKD,Macedonia,2010,3,0,0,0,0,0,0.1578825295477162,6.299262400716543,9407170321.37752,4833.36586759968,1946298,0,0.0,9.973459007208179,6.289209336367737,0.0
MNE,MNE,Montenegro,2010,1,0,0,0,0,0,0.1639745264578792,12.31197454035282,4136936189.28052,6678.63930800758,619428,0,0.0,9.61667882211449,5.791990832875223,0.0
MNG,MGL,Mongolia,2010,2,0,0,0,0,0,3.963767480659816,2.62529612518847,7189481998.90094,2625.21881402433,2738622,0,0.0,9.856697600657835,6.437532092625261,0.0
MON,MON,Monaco,2010,3,0,0,0,0,0,,,,,,0,0.0,,,
NEP,NEP,Nepal,2010,1,0,0,0,0,0,,,,,,0,0.0,,,
NLD,NED,Netherlands,2010,32,0,4,1,6,11,0.0814406942373241,2.047958318144083,852464982433.335,51305.7338533973,16615394,1,2.4849066497880004,11.93067654807706,7.220510644139982,0.6620366631089217
NOR,NOR,Norway,2010,95,0,16,14,9,39,4.568154773110738,11.49524562060833,431052143940.438,88163.2085931423,4889252,1,3.6888794541139363,11.634529809501382,6.689242422084653,7.976680277473937
NZL,NZL,New Zealand,2010,16,0,0,0,0,0,0.8003217824048423,2.983677200973034,146887902524.052,33761.9009639947,4350700,0,0.0,11.166986029395472,6.638559137800543,0.0
PAK,PAK,Pakistan,2010,1,0,0,0,0,0,2.5902221264674177,3.1489674001932144,196709621849.586,987.304571124485,199239047,0,0.0,11.29382560350846,8.299374455748405,0.0
PER,PER,Peru,2010,3,0,0,0,0,0,0.9374313669001186,0.7242178544402122,147527631520.729,5072.11494019615,29086019,0,0.0,11.168873370097945,7.463684283479922,0.0
POL,POL,Poland,2010,46,0,1,3,4,8,1.6932378876294492,5.4515665397048,478111630683.514,12567.7317676382,38042794,1,2.1972245773362196,11.679529308599015,7.580272405589835,0.2102894966126831
PRK,PRK,North Korea,2010,2,0,0,0,0,0,0.6561967147131593,5.246251821517944,,,24987258,0,0.0,,7.397718601032184,0.0
PRT,POR,Portugal,2010,1,0,0,0,0,0,0.0188648034383383,0.2062609128188341,238443864993.217,22551.935098809,10573100,0,0.0,11.377386152796857,7.0242023397679025,0.0
ROU,ROU,Romania,2010,28,0,0,0,0,0,1.2222095495539862,5.139023996889591,170064350671.827,8399.5374234284,20246871,0,0.0,11.230613285222702,7.306357915825608,0.0
RUS,RUS,Russia,2010,175,0,6,5,14,25,116.70040451132554,6.904353853315115,1524916715223.95,10674.990234375,142849468,1,3.258096538021482,12.183246124924523,8.15487862732223,0.17500940220512406
SEN,SEN,Senegal,2010,1,0,0,0,0,0,0.0,0.0,16121315909.0758,1275.88357492357,12635413,0,0.0,10.207400488382566,7.101589441799239,0.0
SMR,SMR,San Marino,2010,1,0,0,0,0,0,,,1881191925.32503,56543.1898204098,33270,0,0.0,9.274433105947788,4.522052800868822,0.0
SRB,SRB,Serbia,2010,10,0,0,0,0,0,0.3697518964833887,4.833915270864964,43536629233.1424,5970.92660940072,7291436,0,0.0,10.638854801321633,6.862813068161654,0.0
SVK,SVK,Slovakia,2010,68,0,1,1,1,3,0.2492819715398041,5.304819904267788,91112160800.7668,16899.448680529,5391428,1,1.3862943611198906,10.959576346415359,6.731703809784501,0.5564388507089402
SVN,SLO,Slovenia,2010,47,0,0,2,1,3,0.1594438465661648,8.336028084158897,47793117240.9001,23329.8417691156,2048583,1,1.3862943611198906,10.679365357709973,6.311453564438423,1.4644268745762314
SWE,SWE,Sweden,2010,101,0,11,3,4,18,3.545123554805756,8.0895209684968,492750897239.447,52542.5759090299,9378126,1,2.9444389791664403,11.692627423749625,6.972116063414252,1.9193600085987328
TJK,TJK,Tajikistan,2010,1,0,0,0,0,0,2.029157258756423,14.686738140881062,5642221099.17704,737.338883219356,7652141,0,0.0,9.751450100655067,6.8837829638327515,0.0
TUR,TUR,Turkey,2010,5,0,0,0,0,0,3.461025520518923,4.357188008725643,782545664268.333,10698.9699409757,73142150,0,0.0,11.893509689555382,7.8641677221957975,0.0
TWN,TPE,Chinese Taipei,2010,1,0,0,0,0,0,0.0009221568856563,0.0267141058429842,,,,0,0.0,,,
UKR,UKR,Ukraine,2010,45,0,0,0,0,0,2.891251539401753,5.078406538814306,141209170427.233,3039.63232421875,46456003,0,0.0,11.149862901649353,7.667041841070803,0.0
USA,USA,United States,2010,212,0,12,63,22,97,49.99441224903457,5.798595491796732,15048964444000.0,48642.6100179312,309378227,1,4.584967478670572,13.177506616093991,8.490489746252543,0.3135320831740367
UZB,UZB,Uzbekistan,2010,3,0,0,0,0,0,0.670036821028766,1.4448454603552818,49765676402.4495,1753.20730243278,28385506,0,0.0,10.696929911265967,7.453096640363411,0.0
ZAF,RSA,South Africa,2010,2,0,0,0,0,0,0.0414894405206836,0.0348611720255576,417363822801.713,7973.47195771517,52344051,0,0.0,11.620514801608909,7.7188673304335085,0.0
ALB,ALB,Albania,2014,1,0,0,0,0,0,0.0785836185352816,2.615046221762896,13296322588.1684,4793.59751131525,2773767,0,0.0,10.123731543185068,6.443069976973663,0.0
AND,AND,Andorra,2014,6,0,0,0,0,0,,,3271686452.47686,44369.6712976777,73737,0,0.0,9.514771675658197,4.867685464298721,0.0
ARG,ARG,Argentina,2014,7,0,0,0,0,0,4.370007164031505,1.7270230455324054,526319673731.638,12233.1444119186,43024071,0,0.0,11.721249604167756,7.63371150156951,0.0
ARM,ARM,Armenia,2014,4,0,0,0,0,0,0.1857738990333193,6.55760383233428,11609513246.7958,3852.11800610384,3013800,0,0.0,10.064814011412807,6.479114428543193,0.0
AUS,AUS,Australia,2014,60,0,0,2,1,3,0.1027220313428465,0.0151853873830987,1474677007565.64,62817.2061751737,23475686,1,1.3862943611198906,12.168696908997154,7.370618291956746,0.1277917927510191
AUT,AUT,Austria,2014,126,0,4,12,11,27,0.7719773014494468,9.073938243091106,438556021078.034,51314.9722616322,8546356,1,3.332204510175204,11.642025077955335,6.931780979472914,3.159241201747271
AZE,AZE,Azerbaijan,2014,3,0,0,0,0,0,0.2437157822343957,2.6861000806093216,75239785452.1022,7890.84028062087,9535079,0,0.0,10.87644754847987,6.979324295611908,0.0
BEL,BEL,Belgium,2014,7,0,0,0,0,0,0.0207312903843993,0.6875074468553066,537987419164.351,47995.7786961339,11209057,0,0.0,11.730772119808796,7.049569077633072,0.0
BER,BER,Bermuda,2014,1,0,0,0,0,0,,,,,,0,0.0,,,
BGR,BUL,Bulgaria,2014,18,0,0,0,0,0,0.4148071159581936,3.774089738726616,57080897012.1077,8069.60005667684,7073572,0,0.0,10.756490789326064,6.849638778455606,0.0
BIH,BIH,Bosnia and Herzegovina,2014,5,0,0,0,0,0,0.2282861943907548,4.540981724858284,18558734107.1478,5206.06573475132,3564829,0,0.0,10.268548349629077,6.552038702171739,0.0
BLR,BLR,Belarus,2014,26,0,5,0,1,6,0.4803458355736018,2.3179082199931145,78813069120.9984,8341.31809294883,9448515,1,1.9459101490553132,10.896598240034102,6.975363556870766,0.6350204238443818
BRA,BRA,Brazil,2014,13,0,0,0,0,0,2.058316276973517e-06,2.6609778269737205e-07,2456043766032.38,12274.9941630213,200085127,0,0.0,12.390236101547714,8.301214807267431,0.0
CAN,CAN,Canada,2014,217,0,59,22,5,86,83.1871467806251,7.661088369786739,1805749878439.94,50960.8431174661,35434066,1,4.465908118654584,12.256657594296353,7.549420989760382,2.4270429478795914
CAY,CAY,Cayman Islands,2014,1,0,0,0,0,0,,,,,,0,0.0,,,
CHE,SUI,Switzerland,2014,152,0,6,4,20,30,0.7371742082527206,15.824265778064728,726537808338.0,88724.9909402638,8188649,1,3.4339872044851463,11.861258219494765,6.913212255821076,3.6636080017595085
CHL,CHI,Chile,2014,6,0,0,0,0,0,9.220875574585136,12.608245946466925,259560978224.359,14529.6767206336,17864195,0,0.0,11.414239402243693,7.251983450712831,0.0
CHN,CHN,China,2014,62,0,3,4,5,12,26.46026048034642,2.78161815367639,10674533168257.4,7781.06597484974,1371860000,1,2.5649493574615367,13.028348891014812,9.13730979334611,0.008747248261484408
CYP,CYP,Cyprus,2014,1,0,0,0,0,0,0.0,0.0,23225918259.9824,26993.103515625,1201801,0,0.0,10.365972893273206,6.079832561047083,0.0
CZE,CZE,Czech Republic,2014,87,0,2,7,2,11,0.0972596031572652,1.199623686261475,210911285077.683,20038.4163180257,10525347,1,2.4849066497880004,11.324099817842118,7.0222364225790646,1.0450961854274257
DEU,GER,Germany,2014,151,0,15,12,9,36,0.4454283988768185,1.219251425936818,3964870735760.77,48959.5991203133,80982500,1,3.6109179126442243,12.59822903284885,7.908391179686602,0.4445404871422838
DMA,DMA,Dominica,2014,1,0,0,0,0,0,,,572255555.555555,8131.74876096735,70373,0,0.0,8.757590017572722,4.847406065389686,0.0
DNK,DEN,Denmark,2014,10,0,0,0,0,0,0.0586992463435482,1.395241473801434,352832602064.452,62520.4509747011,5643475,0,0.0,11.547568707532692,6.751546605506114,0.0
ESP,ESP,Spain,2014,20,0,0,0,0,0,0.4683187472712355,0.9557976736687124,1380244561361.96,29707.765509467,46460733,0,0.0,12.139956044545997,7.667086057279628,0.0
EST,EST,Estonia,2014,25,0,0,0,0,0,0.1657504327278519,3.737441962584853,27055689003.0038,20581.7898991695,1314545,0,0.0,10.432258598198093,6.118775457629279,0.0
FIN,FIN,Finland,2014,99,0,2,7,24,33,2.341857745672782,7.061173673719168,273478528954.901,50073.7760815871,5461512,1,3.5263605246161616,11.436923235157767,6.7373128922197925,6.042282796412422
FRA,FRA,France,2014,107,0,4,4,10,18,0.8020849473010643,1.2629498960450292,2861236112552.42,43148.0459288416,66312067,1,2.9444389791664403,12.456553697772948,7.821592565428268,0.2714438082589101
GBR,GBR,Great Britain,2014,53,0,1,4,5,10,0.3399547984517253,1.4432454481720924,3085362169410.29,47746.2421759562,64620000,1,2.3978952727983707,12.489306150198937,7.810366953681625,0.1547508511296812
GEO,GEO,Georgia,2014,4,0,0,0,0,0,0.5997428489079901,8.726865984499454,17966015109.3043,4830.33486170249,3719414,0,0.0,10.254451760584063,6.570474521437402,0.0
GRC,GRE,Greece,2014,7,0,0,0,0,0,0.1236144476606161,0.947676133364439,233911581521.062,21474.7257123892,10892413,0,0.0,11.369051725298545,7.037124099820018,0.0
HKG,HKG,Hong Kong,2014,1,0,0,0,0,0,,,291459995978.893,40315.3739510191,7229500,0,0.0,11.464578954574078,6.85910826205942,0.0
HRV,CRO,Croatia,2014,11,0,0,1,0,1,0.1050895179909952,1.8457833211869,59606934500.9957,14186.7295493276,4201598,1,0.6931471805599453,10.775296787262535,6.6234144976811935,0.23800468298014232
HUN,HUN,Hungary,2014,16,0,0,0,0,0,0.0656030125027228,0.7085275137796998,141128696412.321,14352.501883174,9833038,0,0.0,11.149615330029219,6.9926877175063185,0.0
IND,IND,India,2014,2,0,0,0,0,0,3.517311349773905,1.2049481738358736,2039126479154.52,1553.88396075118,1312277191,0,0.0,12.309444164226068,9.118025580319136,0.0
IRL,IRL,Ireland,2014,5,0,0,0,0,0,0.0251655007842141,0.4376921569928527,266490442124.309,57214.5379785709,4657740,0,0.0,11.425681637350927,6.668175242095442,0.0
IRN,IRI,Iran,2014,5,0,0,0,0,0,2.464269482467659,1.5555894933640957,462284793280.825,5672.06372896319,81502045,0,0.0,11.664909607686738,7.911168505931058,0.0
ISL,ISL,Iceland,2014,5,0,0,0,0,0,2.4909562936912684,23.18551018834114,18052183514.8695,55140.364935793,327386,0,0.0,10.256529739820968,5.515060103748046,0.0
ISR,ISR,Israel,2014,4,0,0,0,0,0,,,315017088116.716,38343.3046626235,8215700,0,0.0,11.49833411275312,6.914644572419394,0.0
ITA,ITA,Italy,2014,110,0,0,2,12,14,0.9565178728694652,3.1859390437603,2173255507985.84,36028.3494022349,60320707,1,2.70805020110221,12.337110788991946,7.780466423120327,0.23209277039806578
IVB,IVB,British Virgin Islands,2014,1,0,0,0,0,0,,,,,,0,0.0,,,
JAM,JAM,Jamaica,2014,2,0,0,0,0,0,,,13899217679.9219,4975.11325459872,2793749,0,0.0,10.142990356595499,6.44618738502382,0.0
JPN,JPN,Japan,2014,109,0,1,4,6,11,2.951236075300569,7.461224216967821,4896994405353.29,38475.3952461838,127276000,1,2.4849066497880004,12.68992960785208,8.104746517948824,0.08642634903673906
KAZ,KAZ,Kazakhstan,2014,50,0,0,0,1,1,9.903608492417517,3.692779690027237,221415613595.469,12427.7094576939,17816285,1,0.6931471805599453,11.345208242826645,7.250817151317032,0.0561284240794307
KGZ,KGZ,Kyrgyzstan,2014,1,0,0,0,0,0,2.330427912313446,11.934958398342133,7468102412.68237,1264.52668823891,5905848,0,0.0,9.873210264948955,6.771282265248305,0.0
KOR,KOR,South Korea,2014,70,0,7,5,2,14,0.1175323148291484,1.1960075935348868,1556252422020.44,30667.0912467447,50746659,1,2.70805020110221,12.192080040339759,7.705407454947282,0.2758802308542125
LIB,LIB,Lebanon,2014,2,0,0,0,0,0,,,,,,0,0.0,,,
LIE,LIE,Liechtenstein,2014,3,0,0,0,0,0,,,6657526979.72277,178735.153020908,37248,0,0.0,9.823312935099109,4.571102958633776,0.0
LTU,LTU,Lithuania,2014,9,0,0,0,0,0,0.1232267015072126,1.941313850693405,48306546656.9281,16446.1647181663,2937253,0,0.0,10.68400599171035,6.467941356046697,0.0
LUX,LUX,Luxembourg,2014,1,0,0,0,0,0,0.0034650521875319,1.4012344181537628,68804811897.6445,123678.702143275,556319,0,0.0,10.837618811891295,5.745323892682596,0.0
LVA,LAT,Latvia,2014,56,0,0,5,6,11,0.1733276881253628,2.722687553614378,30277203767.4058,15185.814581236,1993782,1,2.4849066497880004,10.481115763679385,6.299677670839824,5.517152828142695
MAR,MAR,Morocco,2014,2,0,0,0,0,0,0.2138159106921918,0.3690225712489337,119130841411.664,3435.40698242188,34204780,0,0.0,11.076024209181785,7.534086801452769,0.0
MDA,MDA,Moldova,2014,4,0,0,0,0,0,0.0937665706822837,2.90464679710567,9402090137.7423,3289.95758568777,2857815,0,0.0,9.973224410448962,6.456034111410991,0.0
MEX,MEX,Mexico,2014,1,0,0,0,0,0,0.0295490126568961,0.0155442612594924,1364507717614.13,11391.3773497683,119784261,0,0.0,12.134975996369237,8.078399757870525,0.0
MKD,MKD,Macedonia,2014,3,0,0,0,0,0,0.0782522265051134,3.1246317084878683,11362265252.778,5925.38592218015,1917557,0,0.0,10.055464923690856,6.282748282356374,0.0
MLT,MLT,Malta,2014,1,0,0,0,0,0,,,11888032873.8295,27424.5765646694,433481,0,0.0,10.075109997367292,5.636970066573492,0.0
MNE,MNE,Montenegro,2014,2,0,0,0,0,0,0.1005821301138065,7.556465920060873,4579636601.80039,7342.17339453427,623744,0,0.0,9.66083101772127,5.795006381029163,0.0
MNG,MGL,Mongolia,2014,2,0,0,0,0,0,2.6869719304014144,1.7912577604874969,12226514668.0622,4126.23975800524,2963113,0,0.0,10.08730267321353,6.471748213863003,0.0
MON,MON,Monaco,2014,5,0,0,0,0,0,,,,,,0,0.0,,,
NEP,NEP,Nepal,2014,1,0,0,0,0,0,,,,,,0,0.0,,,
NLD,NED,Netherlands,2014,39,0,13,7,9,29,0.0160297195007036,0.4016381572000682,901556501756.467,53457.2234864322,16865008,1,3.4011973816621555,11.954992949729645,7.226986551535005,1.719536688034776
NOR,NOR,Norway,2014,110,0,18,5,13,36,5.890286145728968,14.132937416434288,501736471832.848,97666.6951838749,5137232,1,3.6109179126442243,11.700475671567995,6.710729179126063,7.00766482806305
NZL,NZL,New Zealand,2014,14,0,0,0,0,0,0.6233508104611665,2.3268009535968304,201518402787.38,44618.266973847,4516500,0,0.0,11.304314712333564,6.654802014568441,0.0
PAK,PAK,Pakistan,2014,1,0,0,0,0,0,2.506741760261772,3.0430215410888195,271390474857.632,1266.61340849959,214264647,0,0.0,11.433594600916337,8.330950519714726,0.0
PER,PER,Peru,2014,3,0,0,0,0,0,1.4453785307256155,1.1162945302203298,200786250582.943,6667.13410360861,30115826,0,0.0,11.302733969925155,7.4787947792556455,0.0
PHL,PHI,Philippines,2014,1,0,0,0,0,0,0.0,0.0,297483555338.044,2866.83803761407,103767130,0,0.0,11.473462963263433,8.016059805146861,0.0
POL,POL,Poland,2014,58,0,4,4,3,11,0.3662163503027695,1.1806366965174675,542134167178.627,14262.2841914116,38011735,1,2.4849066497880004,11.73410677889015,7.579917692905643,0.2893843177639748
PRT,POR,Portugal,2014,2,0,0,0,0,0,0.0096465903292305,0.1063770105247385,230078616299.675,22120.6850127107,10401062,0,0.0,11.36187625684942,7.017077685182676,0.0
PRY,PAR,Paraguay,2014,1,0,0,0,0,0,0.0,0.0,40377929295.6522,6652.25478942461,6069811,0,0.0,10.606144043222509,6.783175168351208,0.0
ROU,ROU,Romania,2014,22,0,0,0,0,0,0.8752727552314136,3.677292494103313,199722319675.741,10031.7710755404,19908979,0,0.0,11.300426601527493,7.299048988503767,0.0
RUS,RUS,Russia,2014,213,1,33,22,13,68,125.37212559377414,7.55036436021328,2059241589895.01,14055.47265625,144237223,1,4.23410650459726,12.313707300966442,8.159077352320931,0.47144557130027387
SMR,SMR,San Marino,2014,2,0,0,0,0,0,,,1673911426.17254,51260.4938347125,32655,0,0.0,9.223732473882917,4.513949688096775,0.0
SRB,SRB,Serbia,2014,8,0,0,0,0,0,0.1936428644364092,2.520757028833032,49114321280.3466,6886.67809068704,7131787,0,0.0,10.691208146830578,6.853198363933208,0.0
SVK,SVK,Slovakia,2014,62,0,1,0,0,1,0.0781728914043138,1.667289063334465,101713075598.862,18770.9289896545,5418649,1,0.6931471805599453,11.007376786702599,6.733891019936509,0.18454784578222358
SVN,SLO,Slovenia,2014,58,0,2,2,4,8,0.0751605252576917,3.933372907340527,49514466379.6057,24013.0682060959,2061980,1,2.1972245773362196,10.694732102993354,6.31428444856546,3.8797660501071785
SWE,SWE,Sweden,2014,99,0,8,32,11,51,3.537264060393122,8.309051394462585,577727767303.596,59583.4584491714,9696110,1,3.9512437185814275,11.761723241519125,6.986597533814994,5.259841317806832
THA,THA,Thailand,2014,2,0,0,0,0,0,0.0,0.0,407339040197.651,5801.1978916205,70216367,0,0.0,11.609956035742487,7.846438355282144,0.0
TJK,TJK,Tajikistan,2014,1,0,0,0,0,0,1.9908882537802184,14.428138732910156,9112605459.32845,1081.54402932039,8425552,0,0.0,9.959642567404428,6.925598363276417,0.0
TLS,TLS,Timor Leste,2014,1,0,0,0,0,0,0.0,0.0,1447535182.8616,1224.74956308733,1181903,0,0.0,9.160629128210845,6.072581835011072,0.0
TOG,TOG,Togo,2014,2,0,0,0,0,0,,,,,,0,0.0,,,
TON,TGA,Tonga,2014,1,0,0,0,0,0,,,440997738.014078,4136.59013792529,106609,0,0.0,8.64443636187028,5.0277938696562865,0.0
TUR,TUR,Turkey,2014,6,0,0,0,0,0,2.0687487625469148,2.606005175039172,942343431928.654,12209.3862327674,77181884,0,0.0,11.974209207898674,7.8875153754379905,0.0
TWN,TPE,Chinese Taipei,2014,3,0,0,0,0,0,0.0022704402068244,0.0658377539366483,,,,0,0.0,,,
UKR,UKR,Ukraine,2014,42,0,4,0,1,5,1.4238763724550016,2.486445242539048,133503871861.723,3054.908203125,45972380,1,1.791759469228055,11.125493861234654,7.662496987851051,0.10876095603490618
USA,USA,United States,2014,222,0,10,30,24,64,44.82118254229582,5.315455142408609,17550680174000.0,54973.4207515712,319257560,1,4.174387269895637,13.244293952146052,8.504141190124676,0.20046510409964918
UZB,UZB,Uzbekistan,2014,3,0,0,0,0,0,0.8762888482932379,1.8780292011797428,80845385809.4529,2674.9628382103,30222994,0,0.0,10.907655237913687,7.480337484929266,0.0
VEN,VEN,Venezuela,2014,1,0,0,0,0,0,0.0,0.0,214689614732.719,7096.22047105512,30254079,0,0.0,11.331811036642303,7.480783936600591,0.0
VIR,ISV,United States Virgin Islands,2014,1,0,0,0,0,0,,,3565000000.0,33045.3643795999,107882,0,0.0,9.552059534187885,5.0329489891426675,0.0
ZWE,ZIM,Zimbabwe,2014,1,0,0,0,0,0,0.0,0.0,,,,0,0.0,,,
