iso3,country_name,year,snowfall_km3,snowfall_mm
ALB,Albania,1992,0.0672695152543229,2.2227311489031107
ALB,Albania,1993,0.1590554107483246,5.255536843624877
ALB,Albania,1994,0.0985188155314643,3.255276022235838
ALB,Albania,1995,0.1426389642567141,4.7131017326648825
ALB,Albania,1996,0.1502985636346673,4.9661915618561405
ALB,Albania,1997,0.10387246493335,3.4321722469356764
ALB,Albania,1998,0.1103723723663592,3.646943331010166
ALB,Albania,1999,0.1851391063133499,6.11739889795508
ALB,Albania,2000,0.0926314536254845,3.060744775149945
ALB,Albania,2001,0.1523791734478789,5.034939437072051
ALB,Albania,2002,0.0463155455872167,1.530366399489298
ALB,Albania,2003,0.1204029039967304,3.9783739204918
ALB,Albania,2004,0.1289603619923934,4.261130951971491
ALB,Albania,2005,0.2262020579008656,7.474208163108901
ALB,Albania,2006,0.1288647505903882,4.257971743218108
ALB,Albania,2007,0.0857820223765133,2.83442466370273
ALB,Albania,2008,0.0673249453367387,2.224562679430811
ALB,Albania,2009,0.1634623520641395,5.401151773315045
ALB,Albania,2010,0.1939073778167078,6.4071216664166935
ALB,Albania,2011,0.0752293570689197,2.485741641468076
ALB,Albania,2012,0.1732552244321228,5.7247295836687515
ALB,Albania,2013,0.1059019329103954,3.4992302846103325
ALB,Albania,2014,0.0785836185352816,2.596573738513234
ALB,Albania,2015,0.0974415630245297,3.2196812555224934
ALB,Albania,2016,0.0569350256007613,1.8812571249839027
ALB,Albania,2017,0.0859127082198255,2.8387428083118063
ALB,Albania,2018,0.1486479278802557,4.911650965079833
ALB,Albania,2019,0.087986366833384,2.9072610007667703
ALB,Albania,2020,0.0630117695594012,2.0820459671468425
ALB,Albania,2021,0.1463265205104489,4.834946614667089
ALB,Albania,2022,0.0784748866098449,2.592980999118063
ALB,Albania,2023,0.0372744171638962,1.2316278447104854
ALB,Albania,2024,0.0532866884492805,1.760708127453024
ARM,Armenia,1992,0.2999179703227663,10.589721358359045
ARM,Armenia,1993,0.275999936552699,9.745206063752809
ARM,Armenia,1994,0.2885343037848882,10.187778598667546
ARM,Armenia,1995,0.1538317333606784,5.431602483205095
ARM,Armenia,1996,0.209224931098095,7.387465709928186
ARM,Armenia,1997,0.2261126691902881,7.983750222579465
ARM,Armenia,1998,0.1760958193047235,6.217718987635501
ARM,Armenia,1999,0.20184736288202,7.12697317716517
ARM,Armenia,2000,0.2079610475436513,7.342839592138152
ARM,Armenia,2001,0.1980271543509706,6.992086481876116
ARM,Armenia,2002,0.2611271523323261,9.220067004738604
ARM,Armenia,2003,0.323278108145542,11.41453805797139
ARM,Armenia,2004,0.2342348635793428,8.270534556662387
ARM,Armenia,2005,0.2576782360275653,9.098290164836634
ARM,Armenia,2006,0.2313650845847391,8.16920631721005
ARM,Armenia,2007,0.3184855444726986,11.24531874165971
ARM,Armenia,2008,0.1601002082114775,5.65293434251451
ARM,Armenia,2009,0.2637213088687867,9.311663366408826
ARM,Armenia,2010,0.2133702289225706,7.5338308939195535
ARM,Armenia,2011,0.2922952096666089,10.32057139297585
ARM,Armenia,2012,0.2285885301897134,8.071169719576348
ARM,Armenia,2013,0.2491964111300433,8.798807735762821
ARM,Armenia,2014,0.1857738990333193,6.559439650453795
ARM,Armenia,2015,0.2800130810692277,9.886905082838355
ARM,Armenia,2016,0.2862865366958202,10.108412806994233
ARM,Armenia,2017,0.1707506108633112,6.028986488759265
ARM,Armenia,2018,0.2063171812601428,7.284796768381971
ARM,Armenia,2019,0.2210150515949899,7.803759840984184
ARM,Armenia,2020,0.2207792448120152,7.7954338039567075
ARM,Armenia,2021,0.2173265881728047,7.673524897611484
ARM,Armenia,2022,0.1904145687123736,6.723295783397358
ARM,Armenia,2023,0.0837289283841319,2.956361768745441
ARM,Armenia,2024,0.1950238462215159,6.886043498823139
AUT,Austria,1992,0.9372402149531892,11.089665815444029
AUT,Austria,1993,0.8387450263978796,9.92424556556488
AUT,Austria,1994,0.762777431809576,9.025377566362032
AUT,Austria,1995,1.1898396791968746,14.078487249832206
AUT,Austria,1996,0.8841832092638618,10.46188176085975
AUT,Austria,1997,0.847350761677734,10.026070825329828
AUT,Austria,1998,0.8163906183060838,9.659742494436577
AUT,Austria,1999,1.101049367041142,13.027897578426344
AUT,Austria,2000,0.93963110433335,11.117955429786925
AUT,Austria,2001,1.0208877665209997,12.079405028900068
AUT,Austria,2002,0.6666547280588706,7.888029163182927
AUT,Austria,2003,0.7571897197865621,8.959262329286705
AUT,Austria,2004,0.9785788292578604,11.578794867525126
AUT,Austria,2005,1.0191408920152325,12.058735563184234
AUT,Austria,2006,0.8230374662523179,9.738389698508463
AUT,Austria,2007,1.023858954846773,12.114560888712614
AUT,Austria,2008,0.8224367208633157,9.731281525493785
AUT,Austria,2009,1.004564962832602,11.886269442966563
AUT,Austria,2010,0.9901537983373936,11.71575286065022
AUT,Austria,2011,0.5754801154737984,6.809227839584658
AUT,Austria,2012,0.9432083871111284,11.16028275409501
AUT,Austria,2013,1.0946760249915364,12.952486566041248
AUT,Austria,2014,0.7719773014494468,9.134232775756685
AUT,Austria,2015,0.6823786529899626,8.074078662565162
AUT,Austria,2016,0.8061083126035645,9.538079624839298
AUT,Austria,2017,0.9234449568966998,10.92643679555832
AUT,Austria,2018,0.7823315519710955,9.256746914845568
AUT,Austria,2019,1.08170779888227,12.799043199574024
AUT,Austria,2020,0.7029572169767015,8.317569492273174
AUT,Austria,2021,0.9102193204890924,10.76994768463785
AUT,Austria,2022,0.5320367281859426,6.29519457551127
AUT,Austria,2023,0.5206924147195972,6.160965758565237
AUT,Austria,2024,0.6434183897409076,7.613090868165704
BGR,Bulgaria,1992,0.3185613394937654,2.9000891862156006
BGR,Bulgaria,1993,0.5446808202624673,4.958614749964472
BGR,Bulgaria,1994,0.2385805039611758,2.1719670713313777
BGR,Bulgaria,1995,0.7426280808430762,6.760668667627825
BGR,Bulgaria,1996,0.5951981254659875,5.418509509229034
BGR,Bulgaria,1997,0.5715988453750107,5.203668571207256
BGR,Bulgaria,1998,0.6616277383370579,6.02326525968522
BGR,Bulgaria,1999,0.5511009936591578,5.017062129269692
BGR,Bulgaria,2000,0.2594043248689601,2.3615410413753395
BGR,Bulgaria,2001,0.591048615538107,5.380733585480522
BGR,Bulgaria,2002,0.3148745792194937,2.866525999858539
BGR,Bulgaria,2003,0.5128634569271461,4.668958787664427
BGR,Bulgaria,2004,0.3079562019472197,2.8035431183030877
BGR,Bulgaria,2005,0.5383688321394615,4.901152257723135
BGR,Bulgaria,2006,0.4051784720069911,3.688626206250092
BGR,Bulgaria,2007,0.3228821985484377,2.9394250222575073
BGR,Bulgaria,2008,0.2705442007676844,2.4629552107187176
BGR,Bulgaria,2009,0.4628153957206141,4.2133358883924314
BGR,Bulgaria,2010,0.6097917087994518,5.551365220097065
BGR,Bulgaria,2011,0.410365940741561,3.735851403145813
BGR,Bulgaria,2012,0.6099709332682037,5.552996827198412
BGR,Bulgaria,2013,0.3106795579137861,2.8283357538482727
BGR,Bulgaria,2014,0.4148071159581936,3.776282562307539
BGR,Bulgaria,2015,0.3428318163997956,3.1210405035704527
BGR,Bulgaria,2016,0.3918361951585469,3.5671620233421564
BGR,Bulgaria,2017,0.4404976284475407,4.010161467943388
BGR,Bulgaria,2018,0.5698147645875246,5.187426821949968
BGR,Bulgaria,2019,0.2097548303984683,1.9095465770007245
BGR,Bulgaria,2020,0.3538593419660785,3.2214318683742125
BGR,Bulgaria,2021,0.4859044162231568,4.423531572483109
BGR,Bulgaria,2022,0.2960384984511041,2.6950478341969477
BGR,Bulgaria,2023,0.1733522258434899,1.5781479208180844
BGR,Bulgaria,2024,0.2027033793288536,1.845352230547337
BIH,Bosnia and Herz.,1992,0.2485495773184788,4.953212067229064
BIH,Bosnia and Herz.,1993,0.4267537376006246,8.504547807417918
BIH,Bosnia and Herz.,1994,0.2926896351311007,5.832855755882453
BIH,Bosnia and Herz.,1995,0.5580020161410884,11.120124804503938
BIH,Bosnia and Herz.,1996,0.4739322787720896,9.444743811635345
BIH,Bosnia and Herz.,1997,0.3578085032045003,7.1305749740172075
BIH,Bosnia and Herz.,1998,0.3334480333839017,6.645108153350893
BIH,Bosnia and Herz.,1999,0.5350400784009827,10.662528584352176
BIH,Bosnia and Herz.,2000,0.2151810253960586,4.288227979019138
BIH,Bosnia and Herz.,2001,0.4432270233777277,8.832835140586493
BIH,Bosnia and Herz.,2002,0.1957464357708258,3.9009263996243737
BIH,Bosnia and Herz.,2003,0.3242898938160973,6.462600470537609
BIH,Bosnia and Herz.,2004,0.445720540651388,8.882527117466873
BIH,Bosnia and Herz.,2005,0.6216973560956691,12.389475289397444
BIH,Bosnia and Herz.,2006,0.3380352258287821,6.736523866939371
BIH,Bosnia and Herz.,2007,0.3637461604984896,7.248903381882387
BIH,Bosnia and Herz.,2008,0.2131880003790194,4.248510045594376
BIH,Bosnia and Herz.,2009,0.470377803169304,9.373908561628744
BIH,Bosnia and Herz.,2010,0.435245189166383,8.673769420335459
BIH,Bosnia and Herz.,2011,0.2480310362516741,4.942878338654022
BIH,Bosnia and Herz.,2012,0.4521368384634333,9.010394097135222
BIH,Bosnia and Herz.,2013,0.4026832982509106,8.024860849440362
BIH,Bosnia and Herz.,2014,0.2282861943907548,4.5493939077965155
BIH,Bosnia and Herz.,2015,0.4043142502146846,8.057363221945645
BIH,Bosnia and Herz.,2016,0.234895930263169,4.681115811481301
BIH,Bosnia and Herz.,2017,0.4205826307500109,8.381567107750692
BIH,Bosnia and Herz.,2018,0.4145001661887477,8.260352913027932
BIH,Bosnia and Herz.,2019,0.2950517289383184,5.879928664539408
BIH,Bosnia and Herz.,2020,0.1842988397993629,3.6727933602591225
BIH,Bosnia and Herz.,2021,0.3756998024128767,7.487121141157872
BIH,Bosnia and Herz.,2022,0.2002313904007101,3.99030467028324
BIH,Bosnia and Herz.,2023,0.1557486019670495,3.103830885734083
BIH,Bosnia and Herz.,2024,0.2429072413262777,4.840768960202088
CAN,Canada,1992,88.72074402123408,8.890433230370549
CAN,Canada,1993,76.9082843819836,7.706742934851063
CAN,Canada,1994,83.39650255899211,8.356907348181108
CAN,Canada,1995,79.99626973853293,8.016180461910047
CAN,Canada,1996,91.5505270811458,9.173997098416534
CAN,Canada,1997,86.14468530326124,8.632294299252365
CAN,Canada,1998,73.07483398465311,7.322604645938074
CAN,Canada,1999,94.7165600780497,9.491255539772563
CAN,Canada,2000,80.80274948829171,8.096995320328732
CAN,Canada,2001,83.15000421345805,8.332206506156576
CAN,Canada,2002,85.21485583315093,8.53911894425683
CAN,Canada,2003,83.70941062216293,8.38826290401593
CAN,Canada,2004,90.81258432939156,9.100050122039322
CAN,Canada,2005,84.35554437584936,8.45300998271111
CAN,Canada,2006,84.95194341775678,8.512773298711547
CAN,Canada,2007,89.28624473453092,8.947100319772881
CAN,Canada,2008,86.26130233987216,8.643980134272695
CAN,Canada,2009,83.56893946925096,8.374186721274967
CAN,Canada,2010,79.18800742343343,7.935186978094165
CAN,Canada,2011,86.6070263239246,8.678624072736739
CAN,Canada,2012,86.3976668024948,8.657644798194491
CAN,Canada,2013,87.73303645833647,8.791458089483864
CAN,Canada,2014,83.18714678062511,8.335928448719685
CAN,Canada,2015,81.34742013663575,8.151575092906905
CAN,Canada,2016,81.37355710256844,8.15419419797678
CAN,Canada,2017,89.76477995362607,8.995052864137566
CAN,Canada,2018,87.16178718807765,8.734214954846507
CAN,Canada,2019,83.9719075907318,8.414566918911
CAN,Canada,2020,92.50259416674508,9.269400816551812
CAN,Canada,2021,88.00351520867584,8.818561934212113
CAN,Canada,2022,73.11242867116387,7.326371893991816
CAN,Canada,2023,39.321453001349326,3.9402820195689703
CAN,Canada,2024,71.3792801552809,7.15269840501515
CHE,Switzerland,1992,0.7582536697370483,16.3483092495584
CHE,Switzerland,1993,0.680508369068554,14.672083642276856
CHE,Switzerland,1994,0.6842760458462311,14.753316543048978
CHE,Switzerland,1995,0.9652736690716596,20.811758758664332
CHE,Switzerland,1996,0.7558435921517204,16.296346832160495
CHE,Switzerland,1997,0.5899010545072279,12.71854690669566
CHE,Switzerland,1998,0.7024316424122836,15.144759827952534
CHE,Switzerland,1999,1.126644543179249,24.29099144697733
CHE,Switzerland,2000,0.8125490186896382,17.518942760369434
CHE,Switzerland,2001,0.8122207613975637,17.51186537724761
CHE,Switzerland,2002,0.7777009799492773,16.767602494168575
CHE,Switzerland,2003,0.627650067266846,13.53243355055955
CHE,Switzerland,2004,0.7442959040978261,16.04737319318297
CHE,Switzerland,2005,0.6447791848677158,13.901745461451036
CHE,Switzerland,2006,0.6264072391527704,13.50563758614305
CHE,Switzerland,2007,0.7008439187782489,15.11052775231875
CHE,Switzerland,2008,0.843062752128752,18.176833345711692
CHE,Switzerland,2009,0.8414714679308253,18.14252450262932
CHE,Switzerland,2010,0.7893771869767174,17.0193470632554
CHE,Switzerland,2011,0.5349892550407263,11.5346224300236
CHE,Switzerland,2012,0.8658395058807524,18.66791097434733
CHE,Switzerland,2013,0.8432589478047933,18.181063417669616
CHE,Switzerland,2014,0.7371742082527206,15.893826048337036
CHE,Switzerland,2015,0.6083241974909624,13.115758619434716
CHE,Switzerland,2016,0.7416825448574214,15.991027926753672
CHE,Switzerland,2017,0.7710607089535568,16.624435097726487
CHE,Switzerland,2018,0.7372494278378349,15.895447818317384
CHE,Switzerland,2019,0.8933559153673387,19.26117783170418
CHE,Switzerland,2020,0.59366463498988,12.79969148940152
CHE,Switzerland,2021,0.7549856205744285,16.277848557463372
CHE,Switzerland,2022,0.388116038852151,8.367966132058365
CHE,Switzerland,2023,0.3528072969302344,7.6066928864537395
CHE,Switzerland,2024,0.6391692488839138,13.780792577220058
CHL,Chile,1992,9.91964355157766,12.186752319684867
CHL,Chile,1993,7.753220948078765,9.525199457293066
CHL,Chile,1994,8.625081500687806,10.596321474601854
CHL,Chile,1995,9.685709890763151,11.89935372831813
CHL,Chile,1996,8.196325949476847,10.069574955825292
CHL,Chile,1997,8.639947995501208,10.61458566819014
CHL,Chile,1998,7.259462347218964,8.918593610711461
CHL,Chile,1999,7.398082753893933,9.088895351274823
CHL,Chile,2000,9.04965143451872,11.11792576401802
CHL,Chile,2001,9.07219735850756,11.145624500372993
CHL,Chile,2002,9.512811490715256,11.686939848031232
CHL,Chile,2003,8.508173749891107,10.452694761020576
CHL,Chile,2004,7.409343943249803,9.1027302562078
CHL,Chile,2005,9.03435226799438,11.0991300127231
CHL,Chile,2006,8.401966293743751,10.322213866637457
CHL,Chile,2007,9.85469828831614,12.106963985195874
CHL,Chile,2008,8.377572284261532,10.292244669649872
CHL,Chile,2009,10.537560832077029,12.945892989643855
CHL,Chile,2010,10.033693439269644,12.326868012971955
CHL,Chile,2011,9.241741159227985,11.353917096369472
CHL,Chile,2012,10.084081463321182,12.388772089040971
CHL,Chile,2013,8.676785060076124,10.65984174819186
CHL,Chile,2014,9.220875574585138,11.32828273655345
CHL,Chile,2015,9.38459198907301,11.52941611233017
CHL,Chile,2016,5.483043845935194,6.736179275086671
CHL,Chile,2017,10.034022798973876,12.327272646981102
CHL,Chile,2018,8.477492805778244,10.415001766822405
CHL,Chile,2019,8.08739836012734,9.935752248862029
CHL,Chile,2020,8.479372840090468,10.417311478093424
CHL,Chile,2021,6.822684176517237,8.381990923597728
CHL,Chile,2022,7.752902797425998,9.524808594134983
CHL,Chile,2023,5.196069448398941,6.383617624390171
CHL,Chile,2024,9.041725325835335,11.108188163782584
CZE,Czechia,1992,0.2840634787818428,3.502139449641909
CZE,Czechia,1993,0.3694584132220458,4.554949793249289
CZE,Czechia,1994,0.1775019028759154,2.188371483423461
CZE,Czechia,1995,0.4410653759345037,5.437772076704214
CZE,Czechia,1996,0.3662923577853187,4.515916378280692
CZE,Czechia,1997,0.2532798940044233,3.122617213581453
CZE,Czechia,1998,0.1816347882678455,2.239324675414196
CZE,Czechia,1999,0.3639625332661587,4.487192621202579
CZE,Czechia,2000,0.2580745200436216,3.181728821557825
CZE,Czechia,2001,0.3933897963075173,4.849993144642196
CZE,Czechia,2002,0.2265461294317211,2.7930240819722933
CZE,Czechia,2003,0.2239012590200468,2.7604162119017133
CZE,Czechia,2004,0.4436300601003321,5.469391352900988
CZE,Czechia,2005,0.517849850041068,6.3844264549501615
CZE,Czechia,2006,0.3570862176966936,4.402416443260657
CZE,Czechia,2007,0.3424556215877349,4.222039901986543
CZE,Czechia,2008,0.1812806466061116,2.234958561580631
CZE,Czechia,2009,0.3898115498175749,4.805877941073229
CZE,Czechia,2010,0.4926390847575432,6.073609957054276
CZE,Czechia,2011,0.1505420431549055,1.8559908877528992
CZE,Czechia,2012,0.3581378616195561,4.415381868048902
CZE,Czechia,2013,0.3690187139084679,4.5495288629746025
CZE,Czechia,2014,0.0972596031572652,1.199086537045351
CZE,Czechia,2015,0.2053016991517022,2.531107422752752
CZE,Czechia,2016,0.234355002427544,2.8892975004813923
CZE,Czechia,2017,0.269295441575252,3.320068435385616
CZE,Czechia,2018,0.2412870635628265,2.9747609499656766
CZE,Czechia,2019,0.2620251581796494,3.2304351379304004
CZE,Czechia,2020,0.1258349610070332,1.5513841588391168
CZE,Czechia,2021,0.4282100799655619,5.279282716006674
CZE,Czechia,2022,0.2095622363374921,2.5836343981281416
CZE,Czechia,2023,0.1653094520303357,2.038054155489456
CZE,Czechia,2024,0.1037545921716168,1.279161446180786
EST,Estonia,1992,0.2796340832189987,6.298476502736933
EST,Estonia,1993,0.2365860678283016,5.328863248492029
EST,Estonia,1994,0.22499422548883,5.067768657453162
EST,Estonia,1995,0.2505410588299189,5.643185386579738
EST,Estonia,1996,0.2102979613617401,4.736750087696059
EST,Estonia,1997,0.2494364164396315,5.6183044276527685
EST,Estonia,1998,0.2148552927798796,4.83939939468292
EST,Estonia,1999,0.3214828867026692,7.241078714796774
EST,Estonia,2000,0.1794792890454703,4.042590487424606
EST,Estonia,2001,0.2847772260985464,6.4143206237544685
EST,Estonia,2002,0.272702740887077,6.1423549874070416
EST,Estonia,2003,0.235717565909474,5.309301116203478
EST,Estonia,2004,0.2147376785165202,4.836750251682796
EST,Estonia,2005,0.1957696766786294,4.409515085981402
EST,Estonia,2006,0.1568723451957367,3.53339181250941
EST,Estonia,2007,0.1951873839902081,4.396399528773505
EST,Estonia,2008,0.260949752547629,5.877630744779649
EST,Estonia,2009,0.2591041239701155,5.836059817178724
EST,Estonia,2010,0.3602422712979173,8.114094873354686
EST,Estonia,2011,0.2053826434803518,4.6260374956435335
EST,Estonia,2012,0.343663458209465,7.740673781480469
EST,Estonia,2013,0.1738242930213799,3.9152173890855537
EST,Estonia,2014,0.1657504327278519,3.7333618056753552
EST,Estonia,2015,0.1376813554739869,3.1011340689780416
EST,Estonia,2016,0.2389392350432589,5.38186597348107
EST,Estonia,2017,0.2074089398669044,4.671677783949473
EST,Estonia,2018,0.1823642169408153,4.107570586959506
EST,Estonia,2019,0.2105836934793525,4.74318591629085
EST,Estonia,2020,0.1323384356499782,2.980790173197742
EST,Estonia,2021,0.232620700922064,5.2395473468102285
EST,Estonia,2022,0.2567229179070446,5.782425545333968
EST,Estonia,2023,0.1608552159749541,3.623101971326823
EST,Estonia,2024,0.1393615742968815,3.1389793082050836
FIN,Finland,1992,3.204243062586067,9.44217999947025
FIN,Finland,1993,2.680348581491891,7.898381387879309
FIN,Finland,1994,2.561884105806359,7.549293356441739
FIN,Finland,1995,3.0228999242394545,8.907802762633661
FIN,Finland,1996,2.3473474782419026,6.917102410131936
FIN,Finland,1997,2.8252895342577133,8.325489612373703
FIN,Finland,1998,2.8463436116038756,8.387531219125217
FIN,Finland,1999,2.7435196867263767,8.084532355436712
FIN,Finland,2000,2.642828501811815,7.787818194321884
FIN,Finland,2001,2.27483208841947,6.703415948130968
FIN,Finland,2002,2.331619496506261,6.87075560320261
FIN,Finland,2003,2.1857547352134823,6.440925123802397
FIN,Finland,2004,2.2038382276766644,6.494213088392268
FIN,Finland,2005,2.411488850229296,7.106112534485348
FIN,Finland,2006,2.0972013208529634,6.179978228817199
FIN,Finland,2007,2.3002447148713667,6.778301213864975
FIN,Finland,2008,2.955599316816558,8.709483085584004
FIN,Finland,2009,2.0247591310215363,5.966507470643168
FIN,Finland,2010,2.250625859529342,6.632085663310284
FIN,Finland,2011,2.2065971492024072,6.502343006485765
FIN,Finland,2012,2.8498165696578424,8.397765241462366
FIN,Finland,2013,2.2576116736348384,6.6526712783646245
FIN,Finland,2014,2.341857745672782,6.900925409182215
FIN,Finland,2015,2.7404995776777747,8.075632776753716
FIN,Finland,2016,2.4997952017768617,7.366331391208305
FIN,Finland,2017,3.0905975930074883,9.107292489713354
FIN,Finland,2018,1.966690196402972,5.795391446566194
FIN,Finland,2019,3.3325292764776377,9.820210473237474
FIN,Finland,2020,2.85926429039632,8.425605538860228
FIN,Finland,2021,2.768562967092655,8.158329241745568
FIN,Finland,2022,2.3402951316336544,6.896320738831386
FIN,Finland,2023,1.5284679297039043,4.504049484945794
FIN,Finland,2024,2.3030274210033763,6.786501219816728
GEO,Georgia,1992,1.1122263462079118,16.11637173772669
GEO,Georgia,1993,0.8982030712348712,13.01513369229521
GEO,Georgia,1994,0.8029406665478129,11.634763292150604
GEO,Georgia,1995,0.7201005123065429,10.434393668544017
GEO,Georgia,1996,0.5863754750021937,8.496692391114115
GEO,Georgia,1997,0.8497080206688742,12.312431166836998
GEO,Georgia,1998,0.679880148147945,9.85159292621604
GEO,Georgia,1999,0.6968748140662067,10.097848874414897
GEO,Georgia,2000,0.602753173030648,8.734008357000668
GEO,Georgia,2001,0.6917063826472198,10.02295731809335
GEO,Georgia,2002,0.7389246388038224,10.707158849212949
GEO,Georgia,2003,0.7638892633316297,11.06890101667254
GEO,Georgia,2004,0.8177767466705511,11.849740920763663
GEO,Georgia,2005,0.7830658245802647,11.346773044059772
GEO,Georgia,2006,0.933099041037482,13.520782945619253
GEO,Georgia,2007,0.927231123025224,13.43575569524483
GEO,Georgia,2008,0.6090568128886562,8.825349299965007
GEO,Georgia,2009,0.7247004304173016,10.501047358675384
GEO,Georgia,2010,0.6286211237907178,9.108839893732275
GEO,Georgia,2011,0.9357658612490034,13.559425678758153
GEO,Georgia,2012,0.7194854821881015,10.425481764908128
GEO,Georgia,2013,0.6446576927467805,9.341212834343487
GEO,Georgia,2014,0.5997428489079901,8.69038818672039
GEO,Georgia,2015,0.6906775779587515,10.00804974207575
GEO,Georgia,2016,0.8832912215251373,12.799058147925525
GEO,Georgia,2017,0.7017592238767654,10.168624903498142
GEO,Georgia,2018,0.5779113635882582,8.374045803536319
GEO,Georgia,2019,0.5079746784914898,7.360649907128421
GEO,Georgia,2020,0.5838806261670475,8.460541555995222
GEO,Georgia,2021,0.7501327493551013,10.869566507274468
GEO,Georgia,2022,0.6652214376718939,9.639185417588669
GEO,Georgia,2023,0.4271950453131844,6.190137626442518
GEO,Georgia,2024,0.6318049130118863,9.154973606350994
IND,India,1992,4.168508735545022,1.3231347732395171
IND,India,1993,3.7159716012469106,1.1794940478486164
IND,India,1994,4.300160333890027,1.3649225728517596
IND,India,1995,3.981521399045596,1.2637827452665011
IND,India,1996,4.184001944148467,1.3280525038604154
IND,India,1997,3.899290815682431,1.237681769792031
IND,India,1998,3.5590127294548366,1.1296734154805803
IND,India,1999,2.8145113511550512,0.8933597299763568
IND,India,2000,3.212409416412915,1.019657358156467
IND,India,2001,2.5196791151794633,0.7997764347406195
IND,India,2002,3.1754444640950714,1.0079242380154856
IND,India,2003,3.824709741478304,1.2140088404627527
IND,India,2004,2.7722475604184265,0.8799446948354421
IND,India,2005,4.057216034584618,1.2878091323471743
IND,India,2006,3.784653904572997,1.201294636404909
IND,India,2007,2.7505023786092435,0.87304251277767
IND,India,2008,3.6160952424326314,1.1477920911644734
IND,India,2009,3.4491874397629596,1.0948135485614272
IND,India,2010,3.426693249805222,1.087673622315106
IND,India,2011,3.5237879118421453,1.118492635009389
IND,India,2012,3.7786317364090407,1.1993831278502831
IND,India,2013,3.2751752018380564,1.0395799728214057
IND,India,2014,3.517311349773905,1.1164368963682627
IND,India,2015,3.911316326153886,1.2414988113481784
IND,India,2016,2.281241070917615,0.7240933337467517
IND,India,2017,3.669553537040629,1.1647603963789463
IND,India,2018,2.744054617435369,0.8709959158865681
IND,India,2019,4.4101713616719,1.3998413952730306
IND,India,2020,3.294573156723638,1.0457371168427163
IND,India,2021,2.7933190447942593,0.8866330372308173
IND,India,2022,2.5214659251195366,0.8003435896909551
IND,India,2023,1.5289764170898952,0.4853154912845108
IND,India,2024,2.3208320761171626,0.7366599946344562
IRL,Ireland,1992,0.0042895750499077,0.0737454629096621
IRL,Ireland,1993,0.0230191156943585,0.3957397464553148
IRL,Ireland,1994,0.0288257242266298,0.4955657266900586
IRL,Ireland,1995,0.0702988833247595,1.2085634666604574
IRL,Ireland,1996,0.0550519618889102,0.94644163264379
IRL,Ireland,1997,0.0097720193780519,0.1679984810178642
IRL,Ireland,1998,0.0235110115920491,0.404196316221902
IRL,Ireland,1999,0.0154257038873788,0.2651954239398587
IRL,Ireland,2000,0.0103438353435454,0.177829019610576
IRL,Ireland,2001,0.0285253847390378,0.4904023540284715
IRL,Ireland,2002,0.0138114216821316,0.2374430272320909
IRL,Ireland,2003,0.005014772260229,0.0862128992766019
IRL,Ireland,2004,0.0132545566008675,0.227869521064637
IRL,Ireland,2005,0.0190772279245462,0.327971649396611
IRL,Ireland,2006,0.002536330398312,0.0436040533477542
IRL,Ireland,2007,0.0208104763054358,0.3577692873208792
IRL,Ireland,2008,0.0172534140720233,0.2966170291252512
IRL,Ireland,2009,0.0568898515241934,0.978038240781872
IRL,Ireland,2010,0.0695946781434035,1.1964569207955953
IRL,Ireland,2011,0.0164424191784031,0.2826745772153162
IRL,Ireland,2012,0.002049282167903,0.0352308236471533
IRL,Ireland,2013,0.0268086979873352,0.4608894401145582
IRL,Ireland,2014,0.0251655007842141,0.4326399429065229
IRL,Ireland,2015,0.0312301420675288,0.5369019673764557
IRL,Ireland,2016,0.0148095455915312,0.2546025614245181
IRL,Ireland,2017,0.0292391879120717,0.5026739065271036
IRL,Ireland,2018,0.0595416155897438,1.0236268052121489
IRL,Ireland,2019,0.0198212506368048,0.3407627297932553
IRL,Ireland,2020,0.0184521246030868,0.3172250059013811
IRL,Ireland,2021,0.0340277505059214,0.5849978572790403
IRL,Ireland,2022,0.0165406476522456,0.2843633002683342
IRL,Ireland,2023,0.013929157711005,0.2394671200266909
IRL,Ireland,2024,0.0349633028956796,0.6010816751995219
IRN,Iran,1992,4.508779607420662,2.785672475066586
IRN,Iran,1993,3.593850453795823,2.2203991235605645
IRN,Iran,1994,2.628478200160385,1.6239603642299316
IRN,Iran,1995,1.66772836842547,1.0303774893242632
IRN,Iran,1996,3.578387067595963,2.210845334495919
IRN,Iran,1997,3.137292990309207,1.9383228922833269
IRN,Iran,1998,3.004614285154603,1.8563496203211405
IRN,Iran,1999,2.211163988971236,1.3661299061497751
IRN,Iran,2000,2.7990496974387953,1.7293450506353922
IRN,Iran,2001,2.141771612195268,1.32325701131009
IRN,Iran,2002,2.559894264724311,1.5815869510647425
IRN,Iran,2003,3.242541226721342,2.003348717617537
IRN,Iran,2004,3.107094018784259,1.919664973494413
IRN,Iran,2005,2.963280199257257,1.830812061293689
IRN,Iran,2006,3.1667138683791936,1.9565000793201393
IRN,Iran,2007,2.8097876274767857,1.735979297316421
IRN,Iran,2008,2.591060521917742,1.6008424907836716
IRN,Iran,2009,2.2949073801697004,1.4178693301496432
IRN,Iran,2010,1.3415657550903288,0.8288634892014537
IRN,Iran,2011,2.996927547150232,1.851600500526821
IRN,Iran,2012,3.0903587520620333,1.909325374771451
IRN,Iran,2013,2.2461039547123733,1.387716967243794
IRN,Iran,2014,2.464269482467659,1.5225068125216703
IRN,Iran,2015,2.532752908660176,1.5648181277673234
IRN,Iran,2016,2.0690001868997063,1.2782964290532917
IRN,Iran,2017,2.26551145804308,1.3997075617162171
IRN,Iran,2018,1.764019145110042,1.0898691011501171
IRN,Iran,2019,3.0568878772803787,1.8886459664361663
IRN,Iran,2020,2.9011988385381904,1.7924561528600278
IRN,Iran,2021,1.4081238720549625,0.8699852850229862
IRN,Iran,2022,1.812139100807761,1.119599193937962
IRN,Iran,2023,1.0266909125258188,0.6343234454656133
IRN,Iran,2024,1.3465948883101024,0.831970653268801
ISL,Iceland,1992,2.9333989247808354,27.396711501941574
ISL,Iceland,1993,2.441846035532886,22.805814375435652
ISL,Iceland,1994,2.6172942164214277,24.444426551480873
ISL,Iceland,1995,2.390915153083319,22.33014136648262
ISL,Iceland,1996,1.918580115015234,17.91873088259259
ISL,Iceland,1997,2.3717763280085364,22.151392794431818
ISL,Iceland,1998,2.435092353724025,22.74273782947725
ISL,Iceland,1999,2.309228442928484,21.567221869666504
ISL,Iceland,2000,2.292254923182357,21.408696338164887
ISL,Iceland,2001,2.000025302577993,18.679394660038113
ISL,Iceland,2002,1.999200180950952,18.671688371275582
ISL,Iceland,2003,2.209104509980495,20.63210647085632
ISL,Iceland,2004,2.07328827705565,19.36364001057067
ISL,Iceland,2005,2.170323244140502,20.269905768141538
ISL,Iceland,2006,2.129923285412707,19.892587155045497
ISL,Iceland,2007,2.25565131170002,21.06683401073335
ISL,Iceland,2008,2.144205288896842,20.02597505732469
ISL,Iceland,2009,2.295239590091695,21.436571871067606
ISL,Iceland,2010,1.5946823436205606,14.893662002919267
ISL,Iceland,2011,2.549811930199674,23.814170396584732
ISL,Iceland,2012,2.647368010756868,24.7253031346883
ISL,Iceland,2013,2.3957567720906816,22.375360050524016
ISL,Iceland,2014,2.4909562936912684,23.264483519678148
ISL,Iceland,2015,2.761580071395886,25.791995717458377
ISL,Iceland,2016,1.871328231379788,17.477418174338855
ISL,Iceland,2017,2.126704983330783,19.862529567950975
ISL,Iceland,2018,2.4729594603657024,23.096400669983264
ISL,Iceland,2019,1.978501137169572,18.478368013088406
ISL,Iceland,2020,2.6406709243209368,24.66275516569616
ISL,Iceland,2021,2.1846213516446773,20.403444075190897
ISL,Iceland,2022,2.0178030919238705,18.84543173114248
ISL,Iceland,2023,1.0156836532086428,9.48605789315692
ISL,Iceland,2024,1.845550204117833,17.23666224782002
JPN,Japan,1992,1.9892796437237952,4.92081307136173
JPN,Japan,1993,2.3730018962283084,5.870013693734735
JPN,Japan,1994,2.3339394446260107,5.773386242159249
JPN,Japan,1995,2.3336888906148907,5.772766455264584
JPN,Japan,1996,2.4762450148900093,6.1254026680509
JPN,Japan,1997,1.901163558220282,4.702843322005003
JPN,Japan,1998,2.245378005396911,5.554314836511431
JPN,Japan,1999,2.2208154167202103,5.493555200324467
JPN,Japan,2000,2.5768257901078413,6.374205894375135
JPN,Japan,2001,2.5018146141384987,6.18865331187487
JPN,Japan,2002,2.2902667024720316,5.6653544724020195
JPN,Japan,2003,2.191295709632981,5.420533309734118
JPN,Japan,2004,2.410986336548465,5.963974505642454
JPN,Japan,2005,2.94260857667858,7.279030272946178
JPN,Japan,2006,2.216158044840749,5.4820344186711925
JPN,Japan,2007,1.8500342817448472,4.576366578122673
JPN,Japan,2008,2.0780081861442827,5.140297834463358
JPN,Japan,2009,2.307953892985998,5.709106671119474
JPN,Japan,2010,2.596747846980643,6.423486405628236
JPN,Japan,2011,2.296267303479641,5.68019795404495
JPN,Japan,2012,2.730446161100913,6.754211356148767
JPN,Japan,2013,2.6776611422871897,6.623638859028945
JPN,Japan,2014,2.9512360753005695,7.300371821443989
JPN,Japan,2015,2.2965696616541367,5.680945887128158
JPN,Japan,2016,2.2418863653316974,5.545677685808361
JPN,Japan,2017,2.426467997535739,6.002270961343354
JPN,Japan,2018,2.221819223799838,5.496038283592394
JPN,Japan,2019,1.8568263207427105,4.5931678128748255
JPN,Japan,2020,1.9321299278065072,4.779443772179655
JPN,Japan,2021,1.9934584319873785,4.931149997079926
JPN,Japan,2022,2.019340298427633,4.995173085584484
JPN,Japan,2023,0.8877599678323398,2.196021493370089
JPN,Japan,2024,1.613979782497356,3.9924466304594057
KGZ,Kyrgyzstan,1992,2.412141652942985,12.365523930105295
KGZ,Kyrgyzstan,1993,3.1156916094931555,15.972179373881303
KGZ,Kyrgyzstan,1994,2.537239796860046,13.006822955944363
KGZ,Kyrgyzstan,1995,1.8676129019640668,9.57406958386284
KGZ,Kyrgyzstan,1996,2.4913135584752943,12.771388192370887
KGZ,Kyrgyzstan,1997,1.787663724845311,9.164220742005636
KGZ,Kyrgyzstan,1998,2.658493544269646,13.628414193498353
KGZ,Kyrgyzstan,1999,2.6113047950067108,13.386507335528115
KGZ,Kyrgyzstan,2000,2.187116164183393,11.211960638021909
KGZ,Kyrgyzstan,2001,2.1640256499848194,11.093590182649798
KGZ,Kyrgyzstan,2002,2.288278582261246,11.73055634322968
KGZ,Kyrgyzstan,2003,2.778834115988898,14.245324157115704
KGZ,Kyrgyzstan,2004,2.4859635740922776,12.743962207734716
KGZ,Kyrgyzstan,2005,2.1360254212063214,10.950050727333604
KGZ,Kyrgyzstan,2006,2.1911836733691743,11.232812183830314
KGZ,Kyrgyzstan,2007,1.9872791140254025,10.187522532226843
KGZ,Kyrgyzstan,2008,2.0897534405168625,10.712843561738342
KGZ,Kyrgyzstan,2009,2.438246689043132,12.499347931775675
KGZ,Kyrgyzstan,2010,2.632041746343986,13.492812563368132
KGZ,Kyrgyzstan,2011,2.4478959497025414,12.548813585439165
KGZ,Kyrgyzstan,2012,2.0413235345254,10.46457407858443
KGZ,Kyrgyzstan,2013,1.8983711061318584,9.731747433843104
KGZ,Kyrgyzstan,2014,2.330427912313446,11.94662928768652
KGZ,Kyrgyzstan,2015,2.4105566706612667,12.357398728872
KGZ,Kyrgyzstan,2016,2.4662574765024003,12.64294151476699
KGZ,Kyrgyzstan,2017,2.3742546230179062,12.171301101355755
KGZ,Kyrgyzstan,2018,2.4879563174992856,12.754177742239438
KGZ,Kyrgyzstan,2019,2.001456628184786,10.260201676253637
KGZ,Kyrgyzstan,2020,1.970313753478386,10.10055186382889
KGZ,Kyrgyzstan,2021,2.06434834050698,10.582607689506029
KGZ,Kyrgyzstan,2022,1.99531087152151,10.228696270675307
KGZ,Kyrgyzstan,2023,1.0053781806720412,5.153937761796821
KGZ,Kyrgyzstan,2024,1.8840071596692587,9.658112569366002
MKD,North Macedonia,1992,0.0640440022950374,2.55659851960213
MKD,North Macedonia,1993,0.1572419966939175,6.277007082021526
MKD,North Macedonia,1994,0.0705187267685149,2.8150656735983284
MKD,North Macedonia,1995,0.1743137849271707,6.9585027250175635
MKD,North Macedonia,1996,0.1361451083455277,5.43483183395955
MKD,North Macedonia,1997,0.1347051846164674,5.377350934232259
MKD,North Macedonia,1998,0.1575117553021096,6.287775685382331
MKD,North Macedonia,1999,0.1644552621484316,6.564956353173444
MKD,North Macedonia,2000,0.0812361692212276,3.2428996084967023
MKD,North Macedonia,2001,0.1609188648460294,6.423785474027016
MKD,North Macedonia,2002,0.0811714239444182,3.2403150155151508
MKD,North Macedonia,2003,0.1214219343981907,4.847091477818141
MKD,North Macedonia,2004,0.1042474080077757,4.161494588630519
MKD,North Macedonia,2005,0.1648793668422231,6.5818863605659965
MKD,North Macedonia,2006,0.1067455801275734,4.261220135353274
MKD,North Macedonia,2007,0.0826414900361525,3.2989991804511787
MKD,North Macedonia,2008,0.0556724518019444,2.2224111979101138
MKD,North Macedonia,2009,0.1615833465688494,6.450311189597355
MKD,North Macedonia,2010,0.1578825295477162,6.302576772969856
MKD,North Macedonia,2011,0.079806667166916,3.185834735833294
MKD,North Macedonia,2012,0.1567682187649802,6.258094148595516
MKD,North Macedonia,2013,0.0843175211113746,3.3659053451530676
MKD,North Macedonia,2014,0.0782522265051134,3.123782388191651
MKD,North Macedonia,2015,0.1021991419479126,4.079729024506756
MKD,North Macedonia,2016,0.0596585057145966,2.381532101772338
MKD,North Macedonia,2017,0.0800329222279056,3.1948667034375946
MKD,North Macedonia,2018,0.1355905995995375,5.412696174283347
MKD,North Macedonia,2019,0.0913850125945223,3.6480354059802633
MKD,North Macedonia,2020,0.0866350539109242,3.458419877539138
MKD,North Macedonia,2021,0.1258672040020081,5.024543999226734
MKD,North Macedonia,2022,0.0898590615227593,3.58712034584579
MKD,North Macedonia,2023,0.0394945346942836,1.5765983591504036
MKD,North Macedonia,2024,0.0707057864089076,2.8225329833005253
MNE,Montenegro,1992,0.0872426246004063,6.541955807514235
MNE,Montenegro,1993,0.1224391655865055,9.181195706165248
MNE,Montenegro,1994,0.1124962646493033,8.435619574915233
MNE,Montenegro,1995,0.1521055836915921,11.405755055447056
MNE,Montenegro,1996,0.180452162387604,13.531345223933004
MNE,Montenegro,1997,0.117552944896139,8.814798661503316
MNE,Montenegro,1998,0.1065722190009873,7.991400421600123
MNE,Montenegro,1999,0.1561531114680288,11.70926206207844
MNE,Montenegro,2000,0.0863834396409424,6.477529157570608
MNE,Montenegro,2001,0.1528297368364367,11.460056240139105
MNE,Montenegro,2002,0.057972712651389,4.347128779586742
MNE,Montenegro,2003,0.1162066618523556,8.713846584268403
MNE,Montenegro,2004,0.166916773037324,12.516383565310257
MNE,Montenegro,2005,0.2309642404614255,17.319032538685228
MNE,Montenegro,2006,0.1376267460960989,10.320048199105512
MNE,Montenegro,2007,0.1330596123575988,9.977578136780776
MNE,Montenegro,2008,0.0882732094340643,6.619235009837245
MNE,Montenegro,2009,0.1509757631543554,11.321034586996248
MNE,Montenegro,2010,0.1639745264578792,12.295756925686575
MNE,Montenegro,2011,0.0782916453001164,5.870759688820225
MNE,Montenegro,2012,0.1644586785713273,12.332061447069318
MNE,Montenegro,2013,0.1520787163332393,11.403740385762214
MNE,Montenegro,2014,0.1005821301138065,7.542228964843689
MNE,Montenegro,2015,0.1422099031612291,10.663719782993637
MNE,Montenegro,2016,0.0962236096740438,7.215401932373349
MNE,Montenegro,2017,0.128918785623715,9.667075035530482
MNE,Montenegro,2018,0.1360773123127127,10.2038627062457
MNE,Montenegro,2019,0.0956587765283859,7.173047481272891
MNE,Montenegro,2020,0.0884247169931417,6.630595921553609
MNE,Montenegro,2021,0.1792743254133876,13.443024205748689
MNE,Montenegro,2022,0.083777293175769,6.282105245450085
MNE,Montenegro,2023,0.0528369210992691,3.9620174704708018
MNE,Montenegro,2024,0.0688243125762225,5.160844408549547
NOR,Norway,1992,7.115421373495822,18.020316951362553
NOR,Norway,1993,6.918671653238016,17.52203411848014
NOR,Norway,1994,6.579631829351889,16.663391353018664
NOR,Norway,1995,6.608982106669955,16.73772304359879
NOR,Norway,1996,5.012949310868102,12.69565507103284
NOR,Norway,1997,7.268692370874491,18.408486788008236
NOR,Norway,1998,6.125728511957649,15.513848519872225
NOR,Norway,1999,6.089091927148786,15.42106373094456
NOR,Norway,2000,6.614362988284428,16.751350513720485
NOR,Norway,2001,5.503648898495082,13.938387107940544
NOR,Norway,2002,5.377559394556694,13.619056360548209
NOR,Norway,2003,5.7291393125420935,14.509457817225153
NOR,Norway,2004,5.761102383587043,14.590406596044408
NOR,Norway,2005,5.906658968634054,14.959039128008769
NOR,Norway,2006,5.919258842043619,14.990949214631769
NOR,Norway,2007,6.581211082193535,16.667390924549142
NOR,Norway,2008,6.697639668876048,16.962254703387764
NOR,Norway,2009,5.445309205564367,13.790637635031937
NOR,Norway,2010,4.568154773110739,11.569180878165112
NOR,Norway,2011,6.393098575780793,16.1909824576241
NOR,Norway,2012,6.536772732688847,16.55484760478838
NOR,Norway,2013,5.64807782090652,14.304163753086604
NOR,Norway,2014,5.890286145728967,14.91757377512929
NOR,Norway,2015,7.118984305643095,18.029340333562967
NOR,Norway,2016,5.471004830990539,13.855713656554414
NOR,Norway,2017,6.337090871601378,16.04913891413549
NOR,Norway,2018,5.01208265644957,12.693460206317248
NOR,Norway,2019,6.091193042925672,15.426384957933594
NOR,Norway,2020,7.438817758279989,18.8393415809429
NOR,Norway,2021,5.300286279931759,13.423356633958978
NOR,Norway,2022,5.107592881019751,12.93534672694714
NOR,Norway,2023,3.3630338912402085,8.517125473982764
NOR,Norway,2024,5.118026075767996,12.961769543855636
RUS,Russia,1992,132.57422481851967,7.83294314647958
RUS,Russia,1993,125.25359046097152,7.400414781351779
RUS,Russia,1994,122.24792678600836,7.22282978912834
RUS,Russia,1995,135.0668526968289,7.980216211684022
RUS,Russia,1996,126.2943336759187,7.461905485475639
RUS,Russia,1997,122.83905836695764,7.257755884845684
RUS,Russia,1998,133.78432763357338,7.90444020078773
RUS,Russia,1999,120.44208573963066,7.116134462286197
RUS,Russia,2000,113.1613792026646,6.685965170718966
RUS,Russia,2001,126.12972266705889,7.452179698465014
RUS,Russia,2002,128.65452490272867,7.601353735840515
RUS,Russia,2003,118.7981901403406,7.019007431857669
RUS,Russia,2004,124.65430560830404,7.3650069621779055
RUS,Russia,2005,112.58707095052628,6.652033055379717
RUS,Russia,2006,123.99023715221598,7.325771503935333
RUS,Russia,2007,121.04901763399842,7.1519940950985
RUS,Russia,2008,122.47985269573914,7.236532773004758
RUS,Russia,2009,115.14582277117388,6.803212951505981
RUS,Russia,2010,116.70040451132552,6.895063010624427
RUS,Russia,2011,109.93294441932994,6.4952180919063665
RUS,Russia,2012,110.83898233665175,6.548749941741065
RUS,Russia,2013,125.65335285349768,7.42403412438052
RUS,Russia,2014,125.37212559377416,7.4074182464474605
RUS,Russia,2015,122.2352615284208,7.222081481961131
RUS,Russia,2016,118.58771446238686,7.0065718017690495
RUS,Russia,2017,131.79998508512296,7.7871983886147405
RUS,Russia,2018,120.28218048620596,7.106686707561525
RUS,Russia,2019,126.70127430377671,7.48594894344319
RUS,Russia,2020,120.6941886224901,7.131029571431317
RUS,Russia,2021,128.09134129511392,7.568078902926997
RUS,Russia,2022,93.7280327030111,5.5377759319284126
RUS,Russia,2023,66.04202775198576,3.9019911251049417
RUS,Russia,2024,110.59530609442945,6.534352707632489
SVK,Slovakia,1992,0.1761185184824915,3.7422211931692098
SVK,Slovakia,1993,0.227779137910225,4.839922142169256
SVK,Slovakia,1994,0.1408603307296022,2.9930442265532973
SVK,Slovakia,1995,0.2455552071286977,5.217633603370452
SVK,Slovakia,1996,0.267766635399064,5.689588956618472
SVK,Slovakia,1997,0.1684630444479612,3.5795552939632507
SVK,Slovakia,1998,0.132406431895301,2.813413148258851
SVK,Slovakia,1999,0.2942439080947119,6.252186302273661
SVK,Slovakia,2000,0.198904288538086,4.226380339745287
SVK,Slovakia,2001,0.2263474456427903,4.80950109847973
SVK,Slovakia,2002,0.1225479375478801,2.6039367865591316
SVK,Slovakia,2003,0.1666193086325879,3.5403790204949894
SVK,Slovakia,2004,0.2490554572280433,5.2920080088334736
SVK,Slovakia,2005,0.3621356208075527,7.694770582130668
SVK,Slovakia,2006,0.197450454831465,4.195488827852392
SVK,Slovakia,2007,0.186394216491091,3.960562428342673
SVK,Slovakia,2008,0.1472449093628464,3.128705744016931
SVK,Slovakia,2009,0.2363667503852793,5.022394409593352
SVK,Slovakia,2010,0.2492819715398041,5.296821055555257
SVK,Slovakia,2011,0.0944859321227162,2.0076665457592253
SVK,Slovakia,2012,0.2080456214703413,4.420618232089937
SVK,Slovakia,2013,0.3156602498450311,6.707247409241618
SVK,Slovakia,2014,0.0781728914043138,1.661041970289007
SVK,Slovakia,2015,0.1648381526610638,3.5025324630607693
SVK,Slovakia,2016,0.1656093000400664,3.5189180430078744
SVK,Slovakia,2017,0.2149273898489682,4.566844192283551
SVK,Slovakia,2018,0.1875522377568544,3.985168425260093
SVK,Slovakia,2019,0.1595999405273623,3.3912292984080272
SVK,Slovakia,2020,0.1092711846999458,2.321828202452749
SVK,Slovakia,2021,0.2383390403725882,5.064302242189142
SVK,Slovakia,2022,0.1250311732142945,2.6567013522536436
SVK,Slovakia,2023,0.1261879711281022,2.681281355007273
SVK,Slovakia,2024,0.0831749475401094,1.767327218666548
SVN,Slovenia,1992,0.0632813916647789,3.3105592265633517
SVN,Slovenia,1993,0.1120844180232109,5.863684322973723
SVN,Slovenia,1994,0.0845778195390302,4.424679569640191
SVN,Slovenia,1995,0.1428119963640444,7.471194292493134
SVN,Slovenia,1996,0.1480835352393151,7.74697428409259
SVN,Slovenia,1997,0.0870846254596792,4.555822852862694
SVN,Slovenia,1998,0.0623065036090352,3.2595580623521503
SVN,Slovenia,1999,0.1536977440831787,8.04068101839393
SVN,Slovenia,2000,0.03703691845068,1.9375824215417337
SVN,Slovenia,2001,0.0656304613351192,3.4334505547468552
SVN,Slovenia,2002,0.0432337324380157,2.2617680815181287
SVN,Slovenia,2003,0.0784649217801662,4.104883978167617
SVN,Slovenia,2004,0.1295382852858669,6.776781519250431
SVN,Slovenia,2005,0.1293144684348082,6.765072564661415
SVN,Slovenia,2006,0.0872537309936152,4.5646695907568375
SVN,Slovenia,2007,0.0745285588346918,3.898953572318226
SVN,Slovenia,2008,0.0748541195096549,3.9159852441565217
SVN,Slovenia,2009,0.0928764236692873,4.858820155810489
SVN,Slovenia,2010,0.1594438465661648,8.341287754298191
SVN,Slovenia,2011,0.0373089661532717,1.9518145679624577
SVN,Slovenia,2012,0.0621558757945618,3.2516779843724586
SVN,Slovenia,2013,0.1614893375913112,8.44829739817617
SVN,Slovenia,2014,0.0751605252576917,3.9320148280444505
SVN,Slovenia,2015,0.0636886845899861,3.3318667123184276
SVN,Slovenia,2016,0.0809138896859972,4.233001471840228
SVN,Slovenia,2017,0.0786312966253957,4.113587860374572
SVN,Slovenia,2018,0.1222293990161334,6.394417916939903
SVN,Slovenia,2019,0.0431465842722588,2.2572089345614184
SVN,Slovenia,2020,0.0539281736946265,2.8212466303237766
SVN,Slovenia,2021,0.0879088106423215,4.598940012410121
SVN,Slovenia,2022,0.0365893101873492,1.914165843191091
SVN,Slovenia,2023,0.0431484803120307,2.2573081256789953
SVN,Slovenia,2024,0.0429476744141827,2.246802986642377
SWE,Sweden,1992,4.3398588930749415,9.67385373227477
SWE,Sweden,1993,3.941694444627299,8.78631689511617
SWE,Sweden,1994,3.60195667742303,8.029017280488594
SWE,Sweden,1995,4.507018507911883,10.046464387071936
SWE,Sweden,1996,3.1640265730480004,7.052839971718499
SWE,Sweden,1997,3.9863463019217065,8.885849056641002
SWE,Sweden,1998,4.333470396705534,9.659613320093298
SWE,Sweden,1999,4.301725029722039,9.588850642217814
SWE,Sweden,2000,3.819478820161237,8.513889587221463
SWE,Sweden,2001,3.5918636067588117,8.00651910906856
SWE,Sweden,2002,3.5028742779258426,7.808155574199461
SWE,Sweden,2003,3.3868035816472735,7.549425747708122
SWE,Sweden,2004,3.085076747407234,6.87685520256942
SWE,Sweden,2005,3.4418676280907143,7.672167418422584
SWE,Sweden,2006,3.8181441090034944,8.510914421246497
SWE,Sweden,2007,3.614836460040837,8.057727230792963
SWE,Sweden,2008,4.135220545424108,9.21770031992594
SWE,Sweden,2009,3.525928092925092,7.859544165342256
SWE,Sweden,2010,3.545123554805756,7.90233221332541
SWE,Sweden,2011,3.297499596520725,7.350360821610637
SWE,Sweden,2012,4.208812996179323,9.381743119921484
SWE,Sweden,2013,3.095408458475479,6.899885320400627
SWE,Sweden,2014,3.537264060393122,7.884812842020787
SWE,Sweden,2015,3.997230938317665,8.910111684301894
SWE,Sweden,2016,3.414950933829833,7.6121681950258
SWE,Sweden,2017,3.9918293650178014,8.898071193743453
SWE,Sweden,2018,3.2929302796791573,7.340175489812805
SWE,Sweden,2019,4.151460311481433,9.25389991197618
SWE,Sweden,2020,3.906927419073368,8.70881872565917
SWE,Sweden,2021,3.559731613366587,7.934894613465995
SWE,Sweden,2022,2.9889472556974246,6.662575737483006
SWE,Sweden,2023,2.25700312772442,5.031020286335305
SWE,Sweden,2024,3.1432531043993093,7.0065344345638
TJK,Tajikistan,1992,2.197515197967329,15.901336224393004
TJK,Tajikistan,1993,2.533197722859214,18.330352732627592
TJK,Tajikistan,1994,2.1160265414865935,15.311679995224344
TJK,Tajikistan,1995,1.498200089708546,10.841055106197969
TJK,Tajikistan,1996,2.004418935471195,14.504081453884554
TJK,Tajikistan,1997,1.5929875480704732,11.526942169305809
TJK,Tajikistan,1998,2.303639897366244,16.66926016340181
TJK,Tajikistan,1999,2.234925535163728,16.172039403409972
TJK,Tajikistan,2000,1.6491820747998789,11.933568737495852
TJK,Tajikistan,2001,1.633461163431542,11.81981139117441
TJK,Tajikistan,2002,2.037434428158647,14.74298330554081
TJK,Tajikistan,2003,2.3096667656781564,16.712870901337322
TJK,Tajikistan,2004,2.190945142366293,15.85379495449796
TJK,Tajikistan,2005,1.741246066983536,12.59974865526222
TJK,Tajikistan,2006,1.9330348541797833,13.987542465333258
TJK,Tajikistan,2007,1.7823419749430176,12.897120819293162
TJK,Tajikistan,2008,1.7454521612939629,12.630184176201263
TJK,Tajikistan,2009,2.19627237028389,15.892343057528162
TJK,Tajikistan,2010,2.029157258756423,14.683089269871449
TJK,Tajikistan,2011,2.2183990141734924,16.05245262324649
TJK,Tajikistan,2012,1.847594877337309,13.36929427299619
TJK,Tajikistan,2013,1.6692095040217094,12.078488274826531
TJK,Tajikistan,2014,1.9908882537802184,14.406172725374972
TJK,Tajikistan,2015,2.124129985134074,15.370316942142018
TJK,Tajikistan,2016,1.8888106860058935,13.66753404490113
TJK,Tajikistan,2017,1.986654337962427,14.375535886536838
TJK,Tajikistan,2018,1.943556673112694,14.063678903752049
TJK,Tajikistan,2019,1.7166385181691215,12.4216871302643
TJK,Tajikistan,2020,1.6731392059735035,12.106923806036932
TJK,Tajikistan,2021,1.630890334336989,11.801208735845446
TJK,Tajikistan,2022,1.6782592247954806,12.143972533089554
TJK,Tajikistan,2023,0.8285767863945472,5.995625459325101
TJK,Tajikistan,2024,1.6330681858447105,11.816967784566982
TUR,Turkey,1992,5.940705584837475,7.442287857356036
TUR,Turkey,1993,4.850408537050259,6.076405578933056
TUR,Turkey,1994,4.707212849350054,5.8970155195237846
TUR,Turkey,1995,3.766435521279889,4.718445805003251
TUR,Turkey,1996,4.2825107733796335,5.364965065608717
TUR,Turkey,1997,4.168658925378994,5.222335841889008
TUR,Turkey,1998,3.78365231403936,4.740014341916352
TUR,Turkey,1999,3.1731685875163933,3.975223769461205
TUR,Turkey,2000,5.058079477988734,6.336567760007444
TUR,Turkey,2001,3.8340202221774926,4.803113323305631
TUR,Turkey,2002,3.8588191109669783,4.834180419002979
TUR,Turkey,2003,5.350853843172645,6.703344243345485
TUR,Turkey,2004,5.265130382790332,6.5959531836164595
TUR,Turkey,2005,4.328168564409368,5.422163393134249
TUR,Turkey,2006,4.207991761701913,5.2716105090108
TUR,Turkey,2007,4.174334302093653,5.229445735925372
TUR,Turkey,2008,3.532193956626059,4.424996966743921
TUR,Turkey,2009,4.335089585878485,5.430833783091222
TUR,Turkey,2010,3.461025520518923,4.335839882572134
TUR,Turkey,2011,3.9472339035305097,4.944943076352244
TUR,Turkey,2012,5.671470525370278,7.105000512404727
TUR,Turkey,2013,3.399839797132385,4.25918875760048
TUR,Turkey,2014,2.0687487625469143,2.5916490180424305
TUR,Turkey,2015,4.636543875378886,5.808484142338592
TUR,Turkey,2016,5.0485652768268485,6.324648734099096
TUR,Turkey,2017,3.118942512083305,3.9072914242229944
TUR,Turkey,2018,3.406702341219731,4.267785889338867
TUR,Turkey,2019,4.257022348849444,5.333034146010829
TUR,Turkey,2020,3.311755547822299,4.148840192147592
TUR,Turkey,2021,3.940443380914016,4.9364361703472035
TUR,Turkey,2022,4.281980568768746,5.364300845629932
TUR,Turkey,2023,1.6089637661129634,2.015648028414446
TUR,Turkey,2024,2.545923072350719,3.1894346717801016
USA,United States of America,1992,47.02431014322482,4.948717198992949
USA,United States of America,1993,53.16493733279627,5.5949409775679175
USA,United States of America,1994,50.252509146429205,5.2884445417284836
USA,United States of America,1995,43.95199626624081,4.625394805162445
USA,United States of America,1996,53.762461107631914,5.657822839573551
USA,United States of America,1997,47.40794295325384,4.989089727145009
USA,United States of America,1998,47.01413874099699,4.947646786838269
USA,United States of America,1999,47.75240969617493,5.025340519341273
USA,United States of America,2000,49.00406518899437,5.15706151738811
USA,United States of America,2001,47.61323753952427,5.0106944002777425
USA,United States of America,2002,45.70579078084475,4.809959619648521
USA,United States of America,2003,46.484838353532446,4.891944578280579
USA,United States of America,2004,45.73530222702006,4.813065328181195
USA,United States of America,2005,46.1395462210568,4.855606924214953
USA,United States of America,2006,43.55486837290213,4.583602089225109
USA,United States of America,2007,44.920564480733255,4.727324427667439
USA,United States of America,2008,53.85962839222677,5.668048474165305
USA,United States of America,2009,48.14479939554232,5.066634599957293
USA,United States of America,2010,49.99441224903457,5.261283089465742
USA,United States of America,2011,51.382966456352634,5.4074109553836
USA,United States of America,2012,42.28459196527161,4.44992147409711
USA,United States of America,2013,48.808958826961586,5.136529026715013
USA,United States of America,2014,44.82118254229582,4.716865728613341
USA,United States of America,2015,43.253368726835674,4.551873043558412
USA,United States of America,2016,40.5153380435056,4.263729751446381
USA,United States of America,2017,46.2999699622272,4.872489505259497
USA,United States of America,2018,48.11146794562334,5.063126884076316
USA,United States of America,2019,55.527711154547184,5.843593204754576
USA,United States of America,2020,44.24810600611404,4.6565566309933155
USA,United States of America,2021,47.72099308359115,5.02203431600615
USA,United States of America,2022,39.11078501209136,4.115918210516019
USA,United States of America,2023,24.952141780903652,2.6258990893598337
USA,United States of America,2024,37.55386650607944,3.9520721197458446
